Dataset,#Training Release,%Training(data on training/total data,%Defective on training,%Defective in testing,Classifier,IBK k-hyperParam[1-3-9-19],Feature Selection,EPV Before,EPV After,Balancing,TP,FP,TN,FN,Precision,Recall,AUC,Kappa,FMeasure
bookkeeper,1,6.048387097,50,28.47682119,Random Forest,NO K-Param,pca,19,4,oversampling,17,9,207,69,0.653846154,0.197674419,0.651781869,0.197465249,0.303571429
bookkeeper,1,6.048387097,50,28.47682119,Random Forest,NO K-Param,pca,19,4,undersampling,25,10,206,61,0.714285714,0.290697674,0.826415805,0.297490335,0.41322314
bookkeeper,1,6.048387097,35.05154639,28.47682119,Random Forest,NO K-Param,pca,19,4,smote,15,11,205,71,0.576923077,0.174418605,0.762246985,0.156309621,0.267857143
bookkeeper,1,6.048387097,50,28.47682119,logistic,NO K-Param,pca,19,4,oversampling,48,24,192,38,0.666666667,0.558139535,0.834732989,0.470055474,0.607594937
bookkeeper,1,6.048387097,50,28.47682119,logistic,NO K-Param,pca,19,4,undersampling,49,24,192,37,0.671232877,0.569767442,0.834302326,0.480514353,0.616352201
bookkeeper,1,6.048387097,35.05154639,28.47682119,logistic,NO K-Param,pca,19,4,smote,46,24,192,40,0.657142857,0.534883721,0.837316968,0.448905109,0.58974359
bookkeeper,1,6.048387097,50,28.47682119,Ibk,19,pca,19,4,oversampling,55,25,191,31,0.6875,0.639534884,0.819256029,0.535026944,0.662650602
bookkeeper,1,6.048387097,50,28.47682119,Ibk,3,pca,19,4,undersampling,61,31,185,25,0.663043478,0.709302326,0.823535745,0.554149531,0.685393258
bookkeeper,1,6.048387097,35.05154639,28.47682119,Ibk,19,pca,19,4,smote,47,17,199,39,0.734375,0.546511628,0.818125538,0.506823749,0.626666667
bookkeeper,1,6.048387097,50,28.47682119,Naive Bayes,NO K-Param,pca,19,4,oversampling,6,6,210,80,0.5,0.069767442,0.79952627,0.05666134,0.12244898
bookkeeper,1,6.048387097,50,28.47682119,Naive Bayes,NO K-Param,pca,19,4,undersampling,5,5,211,81,0.5,0.058139535,0.818744617,0.047667938,0.104166667
bookkeeper,1,6.048387097,35.05154639,28.47682119,Naive Bayes,NO K-Param,pca,19,4,smote,3,5,211,83,0.375,0.034883721,0.83161068,0.016140974,0.063829787
bookkeeper,1,6.048387097,21.25,28.47682119,Random Forest,NO K-Param,pca,19,4,No sampling,5,6,210,81,0.454545455,0.058139535,0.803025409,0.041164878,0.103092784
bookkeeper,1,6.048387097,21.25,28.47682119,logistic,NO K-Param,pca,19,4,No sampling,20,4,212,66,0.833333333,0.23255814,0.834840655,0.27333975,0.363636364
bookkeeper,1,6.048387097,21.25,28.47682119,Ibk,3,pca,19,4,No sampling,60,21,195,26,0.740740741,0.697674419,0.803025409,0.611144595,0.718562874
bookkeeper,1,6.048387097,21.25,28.47682119,Naive Bayes,NO K-Param,pca,19,4,No sampling,3,5,211,83,0.375,0.034883721,0.835109819,0.016140974,0.063829787
bookkeeper,1,6.048387097,50,28.47682119,Random Forest,NO K-Param,best first,19,3,oversampling,48,0,216,38,1,0.558139535,0.797426787,0.643735254,0.71641791
bookkeeper,1,6.048387097,50,28.47682119,Random Forest,NO K-Param,best first,19,3,undersampling,50,0,216,36,1,0.581395349,0.80582472,0.66518847,0.735294118
bookkeeper,1,6.048387097,35.05154639,28.47682119,Random Forest,NO K-Param,best first,19,3,smote,50,0,216,36,1,0.581395349,0.841381352,0.66518847,0.735294118
bookkeeper,1,6.048387097,50,28.47682119,logistic,NO K-Param,best first,19,3,oversampling,61,24,192,25,0.717647059,0.709302326,0.826388889,0.600291718,0.713450292
bookkeeper,1,6.048387097,50,28.47682119,logistic,NO K-Param,best first,19,3,undersampling,36,31,185,50,0.537313433,0.418604651,0.710971146,0.294677354,0.470588235
bookkeeper,1,6.048387097,35.05154639,28.47682119,logistic,NO K-Param,best first,19,3,smote,62,22,194,24,0.738095238,0.720930233,0.867732558,0.623441397,0.729411765
bookkeeper,1,6.048387097,50,28.47682119,Ibk,3,best first,19,3,oversampling,58,30,186,28,0.659090909,0.674418605,0.811880922,0.531807976,0.666666667
bookkeeper,1,6.048387097,50,28.47682119,Ibk,1,best first,19,3,undersampling,67,28,188,19,0.705263158,0.779069767,0.829780362,0.629612233,0.740331492
bookkeeper,1,6.048387097,35.05154639,28.47682119,Ibk,1,best first,19,3,smote,62,20,196,24,0.756097561,0.720930233,0.81416882,0.637257043,0.738095238
bookkeeper,1,6.048387097,50,28.47682119,Naive Bayes,NO K-Param,best first,19,3,oversampling,30,24,192,56,0.555555556,0.348837209,0.803913652,0.267701261,0.428571429
bookkeeper,1,6.048387097,50,28.47682119,Naive Bayes,NO K-Param,best first,19,3,undersampling,25,25,191,61,0.5,0.290697674,0.78413006,0.200172456,0.367647059
bookkeeper,1,6.048387097,35.05154639,28.47682119,Naive Bayes,NO K-Param,best first,19,3,smote,26,25,191,60,0.509803922,0.302325581,0.799660853,0.212624992,0.379562044
bookkeeper,1,6.048387097,21.25,28.47682119,Random Forest,NO K-Param,best first,19,3,No sampling,50,0,216,36,1,0.581395349,0.848648794,0.66518847,0.735294118
bookkeeper,1,6.048387097,21.25,28.47682119,logistic,NO K-Param,best first,19,3,No sampling,25,25,191,61,0.5,0.290697674,0.710971146,0.200172456,0.367647059
bookkeeper,1,6.048387097,21.25,28.47682119,Ibk,1,best first,19,3,No sampling,62,19,197,24,0.765432099,0.720930233,0.816483635,0.644238672,0.74251497
bookkeeper,1,6.048387097,21.25,28.47682119,Naive Bayes,NO K-Param,best first,19,3,No sampling,22,23,193,64,0.488888889,0.255813953,0.802513997,0.174344793,0.335877863
bookkeeper,1,6.048387097,50,28.47682119,Random Forest,NO K-Param,wrapper,19,3,oversampling,33,26,190,53,0.559322034,0.38372093,0.668039406,0.290826943,0.455172414
bookkeeper,1,6.048387097,50,28.47682119,Random Forest,NO K-Param,wrapper,19,3,undersampling,47,33,183,39,0.5875,0.546511628,0.706018519,0.402177499,0.56626506
bookkeeper,1,6.048387097,35.05154639,28.47682119,Random Forest,NO K-Param,wrapper,19,3,smote,64,195,21,22,0.247104247,0.744186047,0.606616064,-0.098789444,0.371014493
bookkeeper,1,6.048387097,50,28.47682119,logistic,NO K-Param,wrapper,19,3,oversampling,37,30,186,49,0.552238806,0.430232558,0.762866064,0.312092728,0.483660131
bookkeeper,1,6.048387097,50,28.47682119,logistic,NO K-Param,wrapper,19,3,undersampling,35,29,187,51,0.546875,0.406976744,0.770429587,0.295462499,0.466666667
bookkeeper,1,6.048387097,35.05154639,28.47682119,logistic,NO K-Param,wrapper,19,3,smote,31,26,190,55,0.543859649,0.360465116,0.770967916,0.267209874,0.433566434
bookkeeper,1,6.048387097,50,28.47682119,Ibk,19,wrapper,19,3,oversampling,46,35,181,40,0.567901235,0.534883721,0.771748493,0.379486056,0.550898204
bookkeeper,1,6.048387097,50,28.47682119,Ibk,19,wrapper,19,3,undersampling,39,29,187,47,0.573529412,0.453488372,0.768168605,0.340687119,0.506493506
bookkeeper,1,6.048387097,35.05154639,28.47682119,Ibk,9,wrapper,19,3,smote,33,27,189,53,0.55,0.38372093,0.776916451,0.284614474,0.452054795
bookkeeper,1,6.048387097,50,28.47682119,Naive Bayes,NO K-Param,wrapper,19,3,oversampling,29,26,190,57,0.527272727,0.337209302,0.761816322,0.243222028,0.411347518
bookkeeper,1,6.048387097,50,28.47682119,Naive Bayes,NO K-Param,wrapper,19,3,undersampling,26,25,191,60,0.509803922,0.302325581,0.753310724,0.212624992,0.379562044
bookkeeper,1,6.048387097,35.05154639,28.47682119,Naive Bayes,NO K-Param,wrapper,19,3,smote,27,24,192,59,0.529411765,0.313953488,0.768653101,0.231151463,0.394160584
bookkeeper,1,6.048387097,21.25,28.47682119,Random Forest,NO K-Param,wrapper,19,3,No sampling,30,25,191,56,0.545454545,0.348837209,0.64039621,0.261457641,0.425531915
bookkeeper,1,6.048387097,21.25,28.47682119,logistic,NO K-Param,wrapper,19,3,No sampling,24,23,193,62,0.510638298,0.279069767,0.770833333,0.199862851,0.360902256
bookkeeper,1,6.048387097,21.25,28.47682119,Ibk,19,wrapper,19,3,No sampling,22,23,193,64,0.488888889,0.255813953,0.771533161,0.174344793,0.335877863
bookkeeper,1,6.048387097,21.25,28.47682119,Naive Bayes,NO K-Param,wrapper,19,3,No sampling,24,23,193,62,0.510638298,0.279069767,0.758371016,0.199862851,0.360902256
bookkeeper,1,6.048387097,50,28.47682119,Random Forest,NO K-Param,no fs,19,19,oversampling,57,17,199,29,0.77027027,0.662790698,0.809566107,0.60968757,0.7125
bookkeeper,1,6.048387097,50,28.47682119,Random Forest,NO K-Param,no fs,19,19,undersampling,58,15,201,28,0.794520548,0.674418605,0.792608742,0.6338052,0.729559748
bookkeeper,1,6.048387097,35.05154639,28.47682119,Random Forest,NO K-Param,no fs,19,19,smote,46,6,210,40,0.884615385,0.534883721,0.856427649,0.575583527,0.666666667
bookkeeper,1,6.048387097,50,28.47682119,logistic,NO K-Param,no fs,19,19,oversampling,39,85,131,47,0.314516129,0.453488372,0.573966408,0.052931673,0.371428571
bookkeeper,1,6.048387097,50,28.47682119,logistic,NO K-Param,no fs,19,19,undersampling,12,96,120,74,0.111111111,0.139534884,0.235626615,-0.283115065,0.12371134
bookkeeper,1,6.048387097,35.05154639,28.47682119,logistic,NO K-Param,no fs,19,19,smote,50,0,216,36,1,0.581395349,0.833602498,0.66518847,0.735294118
bookkeeper,1,6.048387097,50,28.47682119,Ibk,9,no fs,19,19,oversampling,26,7,209,60,0.787878788,0.302325581,0.780711671,0.331372679,0.43697479
bookkeeper,1,6.048387097,50,28.47682119,Ibk,19,no fs,19,19,undersampling,27,0,216,59,1,0.313953488,0.790455426,0.395631233,0.477876106
bookkeeper,1,6.048387097,35.05154639,28.47682119,Ibk,19,no fs,19,19,smote,12,0,216,74,1,0.139534884,0.799849268,0.18828999,0.244897959
bookkeeper,1,6.048387097,50,28.47682119,Naive Bayes,NO K-Param,no fs,19,19,oversampling,3,5,211,83,0.375,0.034883721,0.832795004,0.016140974,0.063829787
bookkeeper,1,6.048387097,50,28.47682119,Naive Bayes,NO K-Param,no fs,19,19,undersampling,3,5,211,83,0.375,0.034883721,0.840546942,0.016140974,0.063829787
bookkeeper,1,6.048387097,35.05154639,28.47682119,Naive Bayes,NO K-Param,no fs,19,19,smote,6,5,211,80,0.545454545,0.069767442,0.837666882,0.063207065,0.12371134
bookkeeper,1,6.048387097,21.25,28.47682119,Random Forest,NO K-Param,no fs,19,19,No sampling,43,1,215,43,0.977272727,0.5,0.840304694,0.580714376,0.661538462
bookkeeper,1,6.048387097,21.25,28.47682119,logistic,NO K-Param,no fs,19,19,No sampling,51,35,181,35,0.593023256,0.593023256,0.803186908,0.430986219,0.593023256
bookkeeper,1,6.048387097,21.25,28.47682119,Ibk,3,no fs,19,19,No sampling,1,2,214,85,0.333333333,0.011627907,0.705157192,0.003338138,0.02247191
bookkeeper,1,6.048387097,21.25,28.47682119,Naive Bayes,NO K-Param,no fs,19,19,No sampling,5,5,211,81,0.5,0.058139535,0.836644057,0.047667938,0.104166667
bookkeeper,2,13.65927419,50,19.09090909,Random Forest,NO K-Param,pca,19,7,oversampling,70,136,220,14,0.339805825,0.833333333,0.762774211,0.290261528,0.482758621
bookkeeper,2,13.65927419,50,19.09090909,Random Forest,NO K-Param,pca,19,7,undersampling,66,146,210,18,0.311320755,0.785714286,0.751504815,0.237402773,0.445945946
bookkeeper,2,13.65927419,40.35346097,19.09090909,Random Forest,NO K-Param,pca,19,7,smote,61,145,211,23,0.296116505,0.726190476,0.750367844,0.205092911,0.420689655
bookkeeper,2,13.65927419,50,19.09090909,logistic,NO K-Param,pca,19,7,oversampling,74,137,219,10,0.3507109,0.880952381,0.804591359,0.31448194,0.501694915
bookkeeper,2,13.65927419,50,19.09090909,logistic,NO K-Param,pca,19,7,undersampling,70,122,234,14,0.364583333,0.833333333,0.803119984,0.329027628,0.507246377
bookkeeper,2,13.65927419,40.35346097,19.09090909,logistic,NO K-Param,pca,19,7,smote,65,101,255,19,0.391566265,0.773809524,0.807032504,0.356975838,0.52
bookkeeper,2,13.65927419,50,19.09090909,Ibk,19,pca,19,7,oversampling,69,148,208,15,0.31797235,0.821428571,0.744081059,0.252792132,0.458471761
bookkeeper,2,13.65927419,50,19.09090909,Ibk,19,pca,19,7,undersampling,61,119,237,23,0.338888889,0.726190476,0.761269395,0.272811918,0.462121212
bookkeeper,2,13.65927419,40.35346097,19.09090909,Ibk,19,pca,19,7,smote,48,84,272,36,0.363636364,0.571428571,0.750535045,0.275362319,0.444444444
bookkeeper,2,13.65927419,50,19.09090909,Naive Bayes,NO K-Param,pca,19,7,oversampling,66,118,238,18,0.358695652,0.785714286,0.771268058,0.31224715,0.492537313
bookkeeper,2,13.65927419,50,19.09090909,Naive Bayes,NO K-Param,pca,19,7,undersampling,66,118,238,18,0.358695652,0.785714286,0.769646201,0.31224715,0.492537313
bookkeeper,2,13.65927419,40.35346097,19.09090909,Naive Bayes,NO K-Param,pca,19,7,smote,65,116,240,19,0.359116022,0.773809524,0.771151017,0.310840913,0.490566038
bookkeeper,2,13.65927419,25.27675277,19.09090909,Random Forest,NO K-Param,pca,19,7,No sampling,58,124,232,26,0.318681319,0.69047619,0.737794275,0.236676536,0.436090226
bookkeeper,2,13.65927419,25.27675277,19.09090909,logistic,NO K-Param,pca,19,7,No sampling,52,78,278,32,0.4,0.619047619,0.807901953,0.330752212,0.485981308
bookkeeper,2,13.65927419,25.27675277,19.09090909,Ibk,19,pca,19,7,No sampling,21,22,334,63,0.488372093,0.25,0.755216693,0.231338376,0.330708661
bookkeeper,2,13.65927419,25.27675277,19.09090909,Naive Bayes,NO K-Param,pca,19,7,No sampling,64,99,257,20,0.392638037,0.761904762,0.770933654,0.355933871,0.518218623
bookkeeper,2,13.65927419,50,19.09090909,Random Forest,NO K-Param,best first,19,4,oversampling,62,107,249,22,0.366863905,0.738095238,0.789810728,0.315550839,0.490118577
bookkeeper,2,13.65927419,50,19.09090909,Random Forest,NO K-Param,best first,19,4,undersampling,50,75,281,34,0.4,0.595238095,0.803019663,0.324126268,0.4784689
bookkeeper,2,13.65927419,40.35346097,19.09090909,Random Forest,NO K-Param,best first,19,4,smote,44,40,316,40,0.523809524,0.523809524,0.842579588,0.411449973,0.523809524
bookkeeper,2,13.65927419,50,19.09090909,logistic,NO K-Param,best first,19,4,oversampling,47,40,316,37,0.540229885,0.55952381,0.813319288,0.441145421,0.549707602
bookkeeper,2,13.65927419,50,19.09090909,logistic,NO K-Param,best first,19,4,undersampling,52,40,316,32,0.565217391,0.619047619,0.838399545,0.488900361,0.590909091
bookkeeper,2,13.65927419,40.35346097,19.09090909,logistic,NO K-Param,best first,19,4,smote,52,40,316,32,0.565217391,0.619047619,0.857009096,0.488900361,0.590909091
bookkeeper,2,13.65927419,50,19.09090909,Ibk,19,best first,19,4,oversampling,58,104,252,26,0.358024691,0.69047619,0.795545746,0.294036335,0.471544715
bookkeeper,2,13.65927419,50,19.09090909,Ibk,9,best first,19,4,undersampling,54,96,260,30,0.36,0.642857143,0.796030631,0.287037037,0.461538462
bookkeeper,2,13.65927419,40.35346097,19.09090909,Ibk,19,best first,19,4,smote,50,70,286,34,0.416666667,0.595238095,0.803019663,0.342528736,0.490196078
bookkeeper,2,13.65927419,50,19.09090909,Naive Bayes,NO K-Param,best first,19,4,oversampling,52,79,277,32,0.396946565,0.619047619,0.798103933,0.327198589,0.48372093
bookkeeper,2,13.65927419,50,19.09090909,Naive Bayes,NO K-Param,best first,19,4,undersampling,51,78,278,33,0.395348837,0.607142857,0.792051231,0.322118588,0.478873239
bookkeeper,2,13.65927419,40.35346097,19.09090909,Naive Bayes,NO K-Param,best first,19,4,smote,44,63,293,40,0.411214953,0.523809524,0.796080792,0.313998547,0.460732984
bookkeeper,2,13.65927419,25.27675277,19.09090909,Random Forest,NO K-Param,best first,19,4,No sampling,41,38,318,43,0.518987342,0.488095238,0.864432852,0.390227211,0.503067485
bookkeeper,2,13.65927419,25.27675277,19.09090909,logistic,NO K-Param,best first,19,4,No sampling,52,40,316,32,0.565217391,0.619047619,0.857577582,0.488900361,0.590909091
bookkeeper,2,13.65927419,25.27675277,19.09090909,Ibk,19,best first,19,4,No sampling,15,4,352,69,0.789473684,0.178571429,0.792720037,0.237561717,0.291262136
bookkeeper,2,13.65927419,25.27675277,19.09090909,Naive Bayes,NO K-Param,best first,19,4,No sampling,43,60,296,41,0.417475728,0.511904762,0.796799759,0.316055159,0.459893048
bookkeeper,2,13.65927419,50,19.09090909,Random Forest,NO K-Param,wrapper,19,5,oversampling,43,40,316,41,0.518072289,0.511904762,0.804457598,0.401370599,0.51497006
bookkeeper,2,13.65927419,50,19.09090909,Random Forest,NO K-Param,wrapper,19,5,undersampling,69,94,262,15,0.423312883,0.821428571,0.803320626,0.410057075,0.558704453
bookkeeper,2,13.65927419,40.35346097,19.09090909,Random Forest,NO K-Param,wrapper,19,5,smote,40,40,316,44,0.5,0.476190476,0.818268459,0.370572207,0.487804878
bookkeeper,2,13.65927419,50,19.09090909,logistic,NO K-Param,wrapper,19,5,oversampling,41,236,120,43,0.14801444,0.488095238,0.354567951,-0.093104431,0.227146814
bookkeeper,2,13.65927419,50,19.09090909,logistic,NO K-Param,wrapper,19,5,undersampling,55,279,77,29,0.164670659,0.654761905,0.389011503,-0.060340511,0.263157895
bookkeeper,2,13.65927419,40.35346097,19.09090909,logistic,NO K-Param,wrapper,19,5,smote,42,158,198,42,0.21,0.5,0.448535313,0.036777583,0.295774648
bookkeeper,2,13.65927419,50,19.09090909,Ibk,9,wrapper,19,5,oversampling,72,122,234,12,0.371134021,0.857142857,0.829939139,0.342902996,0.517985612
bookkeeper,2,13.65927419,50,19.09090909,Ibk,9,wrapper,19,5,undersampling,61,89,267,23,0.406666667,0.726190476,0.810443419,0.366255144,0.521367521
bookkeeper,2,13.65927419,40.35346097,19.09090909,Ibk,9,wrapper,19,5,smote,55,60,296,29,0.47826087,0.654761905,0.823334671,0.426143025,0.552763819
bookkeeper,2,13.65927419,50,19.09090909,Naive Bayes,NO K-Param,wrapper,19,5,oversampling,52,61,295,32,0.460176991,0.619047619,0.834553906,0.395532971,0.527918782
bookkeeper,2,13.65927419,50,19.09090909,Naive Bayes,NO K-Param,wrapper,19,5,undersampling,53,62,294,31,0.460869565,0.630952381,0.83005618,0.4003517,0.532663317
bookkeeper,2,13.65927419,40.35346097,19.09090909,Naive Bayes,NO K-Param,wrapper,19,5,smote,46,44,312,38,0.511111111,0.547619048,0.847411717,0.412760417,0.528735632
bookkeeper,2,13.65927419,25.27675277,19.09090909,Random Forest,NO K-Param,wrapper,19,5,No sampling,30,38,318,54,0.441176471,0.357142857,0.861005217,0.270051933,0.394736842
bookkeeper,2,13.65927419,25.27675277,19.09090909,logistic,NO K-Param,wrapper,19,5,No sampling,36,142,214,48,0.202247191,0.428571429,0.397889914,0.020802099,0.27480916
bookkeeper,2,13.65927419,25.27675277,19.09090909,Ibk,9,wrapper,19,5,No sampling,42,28,328,42,0.6,0.5,0.846375067,0.45,0.545454545
bookkeeper,2,13.65927419,25.27675277,19.09090909,Naive Bayes,NO K-Param,wrapper,19,5,No sampling,37,28,328,47,0.569230769,0.44047619,0.847829722,0.396046852,0.496644295
bookkeeper,2,13.65927419,50,19.09090909,Random Forest,NO K-Param,no fs,19,19,oversampling,75,97,259,9,0.436046512,0.892857143,0.881019262,0.443064578,0.5859375
bookkeeper,2,13.65927419,50,19.09090909,Random Forest,NO K-Param,no fs,19,19,undersampling,74,108,248,10,0.406593407,0.880952381,0.859316479,0.399518875,0.556390977
bookkeeper,2,13.65927419,40.35346097,19.09090909,Random Forest,NO K-Param,no fs,19,19,smote,57,40,316,27,0.587628866,0.678571429,0.872425094,0.534604698,0.629834254
bookkeeper,2,13.65927419,50,19.09090909,logistic,NO K-Param,no fs,19,19,oversampling,84,345,11,0,0.195804196,1,0.662051899,0.012027491,0.32748538
bookkeeper,2,13.65927419,50,19.09090909,logistic,NO K-Param,no fs,19,19,undersampling,84,346,10,0,0.195348837,1,0.596040663,0.010914761,0.326848249
bookkeeper,2,13.65927419,40.35346097,19.09090909,logistic,NO K-Param,no fs,19,19,smote,84,347,9,0,0.194895592,1,0.748461744,0.009805956,0.326213592
bookkeeper,2,13.65927419,50,19.09090909,Ibk,9,no fs,19,19,oversampling,69,124,232,15,0.357512953,0.821428571,0.810443419,0.31631193,0.498194946
bookkeeper,2,13.65927419,50,19.09090909,Ibk,3,no fs,19,19,undersampling,68,105,251,16,0.393063584,0.80952381,0.805076244,0.366311179,0.529182879
bookkeeper,2,13.65927419,40.35346097,19.09090909,Ibk,9,no fs,19,19,smote,41,54,302,43,0.431578947,0.488095238,0.809222846,0.320382166,0.458100559
bookkeeper,2,13.65927419,50,19.09090909,Naive Bayes,NO K-Param,no fs,19,19,oversampling,51,68,288,33,0.428571429,0.607142857,0.815676833,0.358989153,0.502463054
bookkeeper,2,13.65927419,50,19.09090909,Naive Bayes,NO K-Param,no fs,19,19,undersampling,47,66,290,37,0.415929204,0.55952381,0.802551498,0.330536516,0.47715736
bookkeeper,2,13.65927419,40.35346097,19.09090909,Naive Bayes,NO K-Param,no fs,19,19,smote,51,72,284,33,0.414634146,0.607142857,0.817766854,0.343899114,0.492753623
bookkeeper,2,13.65927419,25.27675277,19.09090909,Random Forest,NO K-Param,no fs,19,19,No sampling,50,32,324,34,0.609756098,0.595238095,0.866071429,0.509989201,0.602409639
bookkeeper,2,13.65927419,25.27675277,19.09090909,logistic,NO K-Param,no fs,19,19,No sampling,84,351,5,0,0.193103448,1,0.518258427,0.005409583,0.323699422
bookkeeper,2,13.65927419,25.27675277,19.09090909,Ibk,9,no fs,19,19,No sampling,28,21,335,56,0.571428571,0.333333333,0.817967496,0.326280624,0.421052632
bookkeeper,2,13.65927419,25.27675277,19.09090909,Naive Bayes,NO K-Param,no fs,19,19,No sampling,45,71,285,39,0.387931034,0.535714286,0.805995853,0.293554414,0.45
bookkeeper,3,24.74798387,50,17.95454545,Random Forest,NO K-Param,pca,19,7,oversampling,0,1,360,79,0,0,0.445545075,-0.004508875,0
bookkeeper,3,24.74798387,50,17.95454545,Random Forest,NO K-Param,pca,19,7,undersampling,0,1,360,79,0,0,0.427539535,-0.004508875,0
bookkeeper,3,24.74798387,36.74147963,17.95454545,Random Forest,NO K-Param,pca,19,7,smote,0,1,360,79,0,0,0.330183387,-0.004508875,0
bookkeeper,3,24.74798387,50,17.95454545,logistic,NO K-Param,pca,19,7,oversampling,0,1,360,79,0,0,0.690206529,-0.004508875,0
bookkeeper,3,24.74798387,50,17.95454545,logistic,NO K-Param,pca,19,7,undersampling,0,1,360,79,0,0,0.690346786,-0.004508875,0
bookkeeper,3,24.74798387,36.74147963,17.95454545,logistic,NO K-Param,pca,19,7,smote,0,1,360,79,0,0,0.699919352,-0.004508875,0
bookkeeper,3,24.74798387,50,17.95454545,Ibk,1,pca,19,7,oversampling,5,24,337,74,0.172413793,0.063291139,0.390003156,-0.00423867,0.092592593
bookkeeper,3,24.74798387,50,17.95454545,Ibk,1,pca,19,7,undersampling,6,25,336,73,0.193548387,0.075949367,0.503348645,0.008781205,0.109090909
bookkeeper,3,24.74798387,36.74147963,17.95454545,Ibk,1,pca,19,7,smote,1,5,356,78,0.166666667,0.012658228,0.499403906,-0.001865467,0.023529412
bookkeeper,3,24.74798387,50,17.95454545,Naive Bayes,NO K-Param,pca,19,7,oversampling,16,35,326,63,0.31372549,0.202531646,0.682965742,0.122542835,0.246153846
bookkeeper,3,24.74798387,50,17.95454545,Naive Bayes,NO K-Param,pca,19,7,undersampling,16,33,328,63,0.326530612,0.202531646,0.685805954,0.130470583,0.25
bookkeeper,3,24.74798387,36.74147963,17.95454545,Naive Bayes,NO K-Param,pca,19,7,smote,18,48,313,61,0.272727273,0.227848101,0.680721624,0.101401484,0.248275862
bookkeeper,3,24.74798387,22.50509165,17.95454545,Random Forest,NO K-Param,pca,19,7,No sampling,0,1,360,79,0,0,0.493811143,-0.004508875,0
bookkeeper,3,24.74798387,22.50509165,17.95454545,logistic,NO K-Param,pca,19,7,No sampling,0,1,360,79,0,0,0.696693432,-0.004508875,0
bookkeeper,3,24.74798387,22.50509165,17.95454545,Ibk,1,pca,19,7,No sampling,1,5,356,78,0.166666667,0.012658228,0.499403906,-0.001865467,0.023529412
bookkeeper,3,24.74798387,22.50509165,17.95454545,Naive Bayes,NO K-Param,pca,19,7,No sampling,16,36,325,63,0.307692308,0.202531646,0.68375469,0.118646811,0.244274809
bookkeeper,3,24.74798387,50,17.95454545,Random Forest,NO K-Param,best first,19,4,oversampling,61,40,321,18,0.603960396,0.772151899,0.874241734,0.5964707,0.677777778
bookkeeper,3,24.74798387,50,17.95454545,Random Forest,NO K-Param,best first,19,4,undersampling,69,43,318,10,0.616071429,0.873417722,0.894438795,0.648498734,0.722513089
bookkeeper,3,24.74798387,36.74147963,17.95454545,Random Forest,NO K-Param,best first,19,4,smote,62,33,328,17,0.652631579,0.784810127,0.907570392,0.642567019,0.712643678
bookkeeper,3,24.74798387,50,17.95454545,logistic,NO K-Param,best first,19,4,oversampling,70,38,323,9,0.648148148,0.886075949,0.929871314,0.682899902,0.748663102
bookkeeper,3,24.74798387,50,17.95454545,logistic,NO K-Param,best first,19,4,undersampling,73,46,315,6,0.613445378,0.924050633,0.899698447,0.665095582,0.737373737
bookkeeper,3,24.74798387,36.74147963,17.95454545,logistic,NO K-Param,best first,19,4,smote,72,34,327,7,0.679245283,0.911392405,0.943756794,0.720967642,0.778378378
bookkeeper,3,24.74798387,50,17.95454545,Ibk,3,best first,19,4,oversampling,53,38,323,26,0.582417582,0.670886076,0.865756163,0.53394459,0.623529412
bookkeeper,3,24.74798387,50,17.95454545,Ibk,1,best first,19,4,undersampling,69,43,318,10,0.616071429,0.873417722,0.858690697,0.648498734,0.722513089
bookkeeper,3,24.74798387,36.74147963,17.95454545,Ibk,3,best first,19,4,smote,37,34,327,42,0.521126761,0.46835443,0.881868228,0.389580519,0.493333333
bookkeeper,3,24.74798387,50,17.95454545,Naive Bayes,NO K-Param,best first,19,4,oversampling,43,26,335,36,0.623188406,0.544303797,0.893579719,0.496846066,0.581081081
bookkeeper,3,24.74798387,50,17.95454545,Naive Bayes,NO K-Param,best first,19,4,undersampling,14,3,358,65,0.823529412,0.17721519,0.890125881,0.243565758,0.291666667
bookkeeper,3,24.74798387,36.74147963,17.95454545,Naive Bayes,NO K-Param,best first,19,4,smote,1,2,359,78,0.333333333,0.012658228,0.909025562,0.011402573,0.024390244
bookkeeper,3,24.74798387,22.50509165,17.95454545,Random Forest,NO K-Param,best first,19,4,No sampling,61,33,328,18,0.64893617,0.772151899,0.919246818,0.633740289,0.705202312
bookkeeper,3,24.74798387,22.50509165,17.95454545,logistic,NO K-Param,best first,19,4,No sampling,71,33,328,8,0.682692308,0.898734177,0.962340896,0.718512046,0.775956284
bookkeeper,3,24.74798387,22.50509165,17.95454545,Ibk,3,best first,19,4,No sampling,34,31,330,45,0.523076923,0.430379747,0.890827168,0.370126201,0.472222222
bookkeeper,3,24.74798387,22.50509165,17.95454545,Naive Bayes,NO K-Param,best first,19,4,No sampling,0,0,361,79,NaN,0,0.93113363,0,NaN
bookkeeper,3,24.74798387,50,17.95454545,Random Forest,NO K-Param,wrapper,19,4,oversampling,68,31,330,11,0.686868687,0.860759494,0.917739051,0.705159705,0.764044944
bookkeeper,3,24.74798387,50,17.95454545,Random Forest,NO K-Param,wrapper,19,4,undersampling,70,38,323,9,0.648148148,0.886075949,0.89819068,0.682899902,0.748663102
bookkeeper,3,24.74798387,36.74147963,17.95454545,Random Forest,NO K-Param,wrapper,19,4,smote,68,16,345,11,0.80952381,0.860759494,0.93726989,0.796742404,0.834355828
bookkeeper,3,24.74798387,50,17.95454545,logistic,NO K-Param,wrapper,19,4,oversampling,68,34,327,11,0.666666667,0.860759494,0.933623199,0.688306782,0.751381215
bookkeeper,3,24.74798387,50,17.95454545,logistic,NO K-Param,wrapper,19,4,undersampling,68,37,324,11,0.647619048,0.860759494,0.900119219,0.671896846,0.739130435
bookkeeper,3,24.74798387,36.74147963,17.95454545,logistic,NO K-Param,wrapper,19,4,smote,67,15,346,12,0.817073171,0.848101266,0.94824503,0.794761938,0.832298137
bookkeeper,3,24.74798387,50,17.95454545,Ibk,3,wrapper,19,4,oversampling,57,35,326,22,0.619565217,0.721518987,0.903695782,0.586847654,0.666666667
bookkeeper,3,24.74798387,50,17.95454545,Ibk,1,wrapper,19,4,undersampling,70,38,323,9,0.648148148,0.886075949,0.873610575,0.682899902,0.748663102
bookkeeper,3,24.74798387,36.74147963,17.95454545,Ibk,1,wrapper,19,4,smote,68,14,347,11,0.829268293,0.860759494,0.933710859,0.809964757,0.844720497
bookkeeper,3,24.74798387,50,17.95454545,Naive Bayes,NO K-Param,wrapper,19,4,oversampling,54,37,324,25,0.593406593,0.683544304,0.894281006,0.548508821,0.635294118
bookkeeper,3,24.74798387,50,17.95454545,Naive Bayes,NO K-Param,wrapper,19,4,undersampling,36,24,337,43,0.6,0.455696203,0.890125881,0.429566563,0.517985612
bookkeeper,3,24.74798387,36.74147963,17.95454545,Naive Bayes,NO K-Param,wrapper,19,4,smote,4,2,359,75,0.666666667,0.050632911,0.917774116,0.070558543,0.094117647
bookkeeper,3,24.74798387,22.50509165,17.95454545,Random Forest,NO K-Param,wrapper,19,4,No sampling,68,14,347,11,0.829268293,0.860759494,0.947859322,0.809964757,0.844720497
bookkeeper,3,24.74798387,22.50509165,17.95454545,logistic,NO K-Param,wrapper,19,4,No sampling,66,14,347,13,0.825,0.835443038,0.956625408,0.792742498,0.830188679
bookkeeper,3,24.74798387,22.50509165,17.95454545,Ibk,1,wrapper,19,4,No sampling,68,14,347,11,0.829268293,0.860759494,0.933465409,0.809964757,0.844720497
bookkeeper,3,24.74798387,22.50509165,17.95454545,Naive Bayes,NO K-Param,wrapper,19,4,No sampling,0,0,361,79,NaN,0,0.93113363,0,NaN
bookkeeper,3,24.74798387,50,17.95454545,Random Forest,NO K-Param,no fs,19,19,oversampling,58,23,338,21,0.716049383,0.734177215,0.93702444,0.663900559,0.725
bookkeeper,3,24.74798387,50,17.95454545,Random Forest,NO K-Param,no fs,19,19,undersampling,47,26,335,32,0.643835616,0.594936709,0.928556401,0.538900734,0.618421053
bookkeeper,3,24.74798387,36.74147963,17.95454545,Random Forest,NO K-Param,no fs,19,19,smote,17,2,359,62,0.894736842,0.215189873,0.953364424,0.298070691,0.346938776
bookkeeper,3,24.74798387,50,17.95454545,logistic,NO K-Param,no fs,19,19,oversampling,63,84,277,16,0.428571429,0.797468354,0.833742417,0.422678248,0.557522124
bookkeeper,3,24.74798387,50,17.95454545,logistic,NO K-Param,no fs,19,19,undersampling,79,358,3,0,0.180778032,1,0.504155125,0.003000114,0.30620155
bookkeeper,3,24.74798387,36.74147963,17.95454545,logistic,NO K-Param,no fs,19,19,smote,51,13,348,28,0.796875,0.64556962,0.951435885,0.658385093,0.713286713
bookkeeper,3,24.74798387,50,17.95454545,Ibk,1,no fs,19,19,oversampling,41,20,341,38,0.672131148,0.518987342,0.783617939,0.508871868,0.585714286
bookkeeper,3,24.74798387,50,17.95454545,Ibk,3,no fs,19,19,undersampling,27,24,337,52,0.529411765,0.341772152,0.808566219,0.319523015,0.415384615
bookkeeper,3,24.74798387,36.74147963,17.95454545,Ibk,1,no fs,19,19,smote,54,20,341,25,0.72972973,0.683544304,0.814071321,0.64406414,0.705882353
bookkeeper,3,24.74798387,50,17.95454545,Naive Bayes,NO K-Param,no fs,19,19,oversampling,0,1,360,79,0,0,0.872874224,-0.004508875,0
bookkeeper,3,24.74798387,50,17.95454545,Naive Bayes,NO K-Param,no fs,19,19,undersampling,0,1,360,79,0,0,0.830604159,-0.004508875,0
bookkeeper,3,24.74798387,36.74147963,17.95454545,Naive Bayes,NO K-Param,no fs,19,19,smote,0,1,360,79,0,0,0.859164066,-0.004508875,0
bookkeeper,3,24.74798387,22.50509165,17.95454545,Random Forest,NO K-Param,no fs,19,19,No sampling,18,1,360,61,0.947368421,0.227848101,0.956940987,0.320005982,0.367346939
bookkeeper,3,24.74798387,22.50509165,17.95454545,logistic,NO K-Param,no fs,19,19,No sampling,52,20,341,27,0.722222222,0.658227848,0.907675585,0.624437019,0.688741722
bookkeeper,3,24.74798387,22.50509165,17.95454545,Ibk,1,no fs,19,19,No sampling,48,11,350,31,0.813559322,0.607594937,0.788562011,0.640452936,0.695652174
bookkeeper,3,24.74798387,22.50509165,17.95454545,Naive Bayes,NO K-Param,no fs,19,19,No sampling,0,1,360,79,0,0,0.858340054,-0.004508875,0
bookkeeper,4,35.83669355,50,14.52702703,Random Forest,NO K-Param,pca,19,8,oversampling,38,229,277,48,0.142322097,0.441860465,0.458049913,-0.005715968,0.21529745
bookkeeper,4,35.83669355,50,14.52702703,Random Forest,NO K-Param,pca,19,8,undersampling,62,474,32,24,0.115671642,0.720930233,0.373184576,-0.068050081,0.199356913
bookkeeper,4,35.83669355,34.84320557,14.52702703,Random Forest,NO K-Param,pca,19,8,smote,24,227,279,62,0.09561753,0.279069767,0.319824892,-0.094388865,0.142433234
bookkeeper,4,35.83669355,50,14.52702703,logistic,NO K-Param,pca,19,8,oversampling,56,195,311,30,0.22310757,0.651162791,0.6723504,0.147967147,0.332344214
bookkeeper,4,35.83669355,50,14.52702703,logistic,NO K-Param,pca,19,8,undersampling,57,181,325,29,0.239495798,0.662790698,0.672993841,0.175990243,0.351851852
bookkeeper,4,35.83669355,34.84320557,14.52702703,logistic,NO K-Param,pca,19,8,smote,27,58,448,59,0.317647059,0.313953488,0.665893005,0.200295571,0.315789474
bookkeeper,4,35.83669355,50,14.52702703,Ibk,19,pca,19,8,oversampling,43,118,388,43,0.267080745,0.5,0.683001655,0.195896467,0.348178138
bookkeeper,4,35.83669355,50,14.52702703,Ibk,9,pca,19,8,undersampling,44,106,400,42,0.293333333,0.511627907,0.715828661,0.230844863,0.372881356
bookkeeper,4,35.83669355,34.84320557,14.52702703,Ibk,19,pca,19,8,smote,18,60,446,68,0.230769231,0.209302326,0.673212152,0.094368486,0.219512195
bookkeeper,4,35.83669355,50,14.52702703,Naive Bayes,NO K-Param,pca,19,8,oversampling,27,70,436,59,0.278350515,0.313953488,0.670684346,0.166761227,0.295081967
bookkeeper,4,35.83669355,50,14.52702703,Naive Bayes,NO K-Param,pca,19,8,undersampling,27,53,453,59,0.3375,0.313953488,0.752114165,0.215448694,0.325301205
bookkeeper,4,35.83669355,34.84320557,14.52702703,Naive Bayes,NO K-Param,pca,19,8,smote,27,59,447,59,0.313953488,0.313953488,0.670891166,0.197352698,0.313953488
bookkeeper,4,35.83669355,21.09704641,14.52702703,Random Forest,NO K-Param,pca,19,8,No sampling,42,257,249,44,0.140468227,0.488372093,0.436942734,-0.009632165,0.218181818
bookkeeper,4,35.83669355,21.09704641,14.52702703,logistic,NO K-Param,pca,19,8,No sampling,9,21,485,77,0.3,0.104651163,0.662331097,0.086534828,0.155172414
bookkeeper,4,35.83669355,21.09704641,14.52702703,Ibk,19,pca,19,8,No sampling,1,0,506,85,1,0.011627907,0.673327052,0.019714798,0.022988506
bookkeeper,4,35.83669355,21.09704641,14.52702703,Naive Bayes,NO K-Param,pca,19,8,No sampling,25,46,460,61,0.352112676,0.290697674,0.674004964,0.21537928,0.318471338
bookkeeper,4,35.83669355,50,14.52702703,Random Forest,NO K-Param,best first,19,4,oversampling,77,27,479,9,0.740384615,0.895348837,0.942147716,0.774695535,0.810526316
bookkeeper,4,35.83669355,50,14.52702703,Random Forest,NO K-Param,best first,19,4,undersampling,79,43,463,7,0.647540984,0.918604651,0.956119588,0.710235727,0.759615385
bookkeeper,4,35.83669355,34.84320557,14.52702703,Random Forest,NO K-Param,best first,19,4,smote,75,5,501,11,0.9375,0.872093023,0.955280816,0.887921242,0.903614458
bookkeeper,4,35.83669355,50,14.52702703,logistic,NO K-Param,best first,19,4,oversampling,79,30,476,7,0.724770642,0.918604651,0.944238901,0.773466264,0.81025641
bookkeeper,4,35.83669355,50,14.52702703,logistic,NO K-Param,best first,19,4,undersampling,79,34,472,7,0.699115044,0.918604651,0.942687747,0.753263124,0.793969849
bookkeeper,4,35.83669355,34.84320557,14.52702703,logistic,NO K-Param,best first,19,4,smote,72,9,497,14,0.888888889,0.837209302,0.963599596,0.839683512,0.862275449
bookkeeper,4,35.83669355,50,14.52702703,Ibk,1,best first,19,4,oversampling,75,20,486,11,0.789473684,0.872093023,0.921120967,0.79791217,0.828729282
bookkeeper,4,35.83669355,50,14.52702703,Ibk,1,best first,19,4,undersampling,79,35,471,7,0.692982456,0.918604651,0.930496829,0.748319702,0.79
bookkeeper,4,35.83669355,34.84320557,14.52702703,Ibk,1,best first,19,4,smote,74,4,502,12,0.948717949,0.860465116,0.955809357,0.886796061,0.902439024
bookkeeper,4,35.83669355,50,14.52702703,Naive Bayes,NO K-Param,best first,19,4,oversampling,76,42,464,10,0.644067797,0.88372093,0.930577259,0.693606179,0.745098039
bookkeeper,4,35.83669355,50,14.52702703,Naive Bayes,NO K-Param,best first,19,4,undersampling,52,37,469,34,0.584269663,0.604651163,0.917007537,0.523943279,0.594285714
bookkeeper,4,35.83669355,34.84320557,14.52702703,Naive Bayes,NO K-Param,best first,19,4,smote,17,18,488,69,0.485714286,0.197674419,0.920741796,0.215021642,0.280991736
bookkeeper,4,35.83669355,21.09704641,14.52702703,Random Forest,NO K-Param,best first,19,4,No sampling,74,2,504,12,0.973684211,0.860465116,0.951948709,0.899942051,0.913580247
bookkeeper,4,35.83669355,21.09704641,14.52702703,logistic,NO K-Param,best first,19,4,No sampling,72,4,502,14,0.947368421,0.837209302,0.967299384,0.871354066,0.888888889
bookkeeper,4,35.83669355,21.09704641,14.52702703,Ibk,1,best first,19,4,No sampling,73,3,503,13,0.960526316,0.848837209,0.955924258,0.885648059,0.901234568
bookkeeper,4,35.83669355,21.09704641,14.52702703,Naive Bayes,NO K-Param,best first,19,4,No sampling,21,20,486,65,0.512195122,0.244186047,0.919569813,0.261433688,0.330708661
bookkeeper,4,35.83669355,50,14.52702703,Random Forest,NO K-Param,wrapper,19,3,oversampling,76,23,483,10,0.767676768,0.88372093,0.93119772,0.788781732,0.821621622
bookkeeper,4,35.83669355,50,14.52702703,Random Forest,NO K-Param,wrapper,19,3,undersampling,82,293,213,4,0.218666667,0.953488372,0.937333395,0.156363357,0.355748373
bookkeeper,4,35.83669355,34.84320557,14.52702703,Random Forest,NO K-Param,wrapper,19,3,smote,74,10,496,12,0.880952381,0.860465116,0.942986488,0.848895489,0.870588235
bookkeeper,4,35.83669355,50,14.52702703,logistic,NO K-Param,wrapper,19,3,oversampling,76,46,460,10,0.62295082,0.88372093,0.935035389,0.675464014,0.730769231
bookkeeper,4,35.83669355,50,14.52702703,logistic,NO K-Param,wrapper,19,3,undersampling,78,186,320,8,0.295454545,0.906976744,0.931312621,0.290150316,0.445714286
bookkeeper,4,35.83669355,34.84320557,14.52702703,logistic,NO K-Param,wrapper,19,3,smote,72,18,488,14,0.8,0.837209302,0.953166651,0.786455046,0.818181818
bookkeeper,4,35.83669355,50,14.52702703,Ibk,3,wrapper,19,3,oversampling,78,63,443,8,0.553191489,0.906976744,0.937275944,0.61834889,0.68722467
bookkeeper,4,35.83669355,50,14.52702703,Ibk,3,wrapper,19,3,undersampling,58,50,456,28,0.537037037,0.674418605,0.917536079,0.520358983,0.597938144
bookkeeper,4,35.83669355,34.84320557,14.52702703,Ibk,1,wrapper,19,3,smote,74,9,497,12,0.891566265,0.860465116,0.935012409,0.855057595,0.875739645
bookkeeper,4,35.83669355,50,14.52702703,Naive Bayes,NO K-Param,wrapper,19,3,oversampling,80,71,435,6,0.529801325,0.930232558,0.960244508,0.601301473,0.675105485
bookkeeper,4,35.83669355,50,14.52702703,Naive Bayes,NO K-Param,wrapper,19,3,undersampling,83,160,346,3,0.341563786,0.965116279,0.96107179,0.369191748,0.504559271
bookkeeper,4,35.83669355,34.84320557,14.52702703,Naive Bayes,NO K-Param,wrapper,19,3,smote,72,15,491,14,0.827586207,0.837209302,0.968586267,0.803686594,0.832369942
bookkeeper,4,35.83669355,21.09704641,14.52702703,Random Forest,NO K-Param,wrapper,19,3,No sampling,74,9,497,12,0.891566265,0.860465116,0.951810828,0.855057595,0.875739645
bookkeeper,4,35.83669355,21.09704641,14.52702703,logistic,NO K-Param,wrapper,19,3,No sampling,71,10,496,15,0.87654321,0.825581395,0.950064344,0.825742947,0.850299401
bookkeeper,4,35.83669355,21.09704641,14.52702703,Ibk,1,wrapper,19,3,No sampling,74,8,498,12,0.902439024,0.860465116,0.936184392,0.861280345,0.880952381
bookkeeper,4,35.83669355,21.09704641,14.52702703,Naive Bayes,NO K-Param,wrapper,19,3,No sampling,70,3,503,16,0.95890411,0.813953488,0.978697491,0.862109547,0.880503145
bookkeeper,4,35.83669355,50,14.52702703,Random Forest,NO K-Param,no fs,19,19,oversampling,80,33,473,6,0.707964602,0.930232558,0.965070319,0.765299069,0.804020101
bookkeeper,4,35.83669355,50,14.52702703,Random Forest,NO K-Param,no fs,19,19,undersampling,80,68,438,6,0.540540541,0.930232558,0.959578086,0.612565445,0.683760684
bookkeeper,4,35.83669355,34.84320557,14.52702703,Random Forest,NO K-Param,no fs,19,19,smote,77,5,501,9,0.93902439,0.895348837,0.979180072,0.902896241,0.916666667
bookkeeper,4,35.83669355,50,14.52702703,logistic,NO K-Param,no fs,19,19,oversampling,79,79,427,7,0.5,0.918604651,0.946812667,0.565863974,0.647540984
bookkeeper,4,35.83669355,50,14.52702703,logistic,NO K-Param,no fs,19,19,undersampling,83,323,183,3,0.204433498,0.965116279,0.673051291,0.128436721,0.337398374
bookkeeper,4,35.83669355,34.84320557,14.52702703,logistic,NO K-Param,no fs,19,19,smote,79,27,479,7,0.745283019,0.918604651,0.945376413,0.789085422,0.822916667
bookkeeper,4,35.83669355,50,14.52702703,Ibk,3,no fs,19,19,oversampling,75,54,452,11,0.581395349,0.872093023,0.918535711,0.633844631,0.697674419
bookkeeper,4,35.83669355,50,14.52702703,Ibk,1,no fs,19,19,undersampling,76,52,454,10,0.59375,0.88372093,0.891511168,0.649342709,0.710280374
bookkeeper,4,35.83669355,34.84320557,14.52702703,Ibk,3,no fs,19,19,smote,71,20,486,15,0.78021978,0.825581395,0.936287802,0.76753579,0.802259887
bookkeeper,4,35.83669355,50,14.52702703,Naive Bayes,NO K-Param,no fs,19,19,oversampling,5,28,478,81,0.151515152,0.058139535,0.792352238,0.00376706,0.084033613
bookkeeper,4,35.83669355,50,14.52702703,Naive Bayes,NO K-Param,no fs,19,19,undersampling,11,42,464,75,0.20754717,0.127906977,0.751459233,0.053408408,0.158273381
bookkeeper,4,35.83669355,34.84320557,14.52702703,Naive Bayes,NO K-Param,no fs,19,19,smote,4,15,491,82,0.210526316,0.046511628,0.811643993,0.024926985,0.076190476
bookkeeper,4,35.83669355,21.09704641,14.52702703,Random Forest,NO K-Param,no fs,19,19,No sampling,77,0,506,9,1,0.895348837,0.975250483,0.936001538,0.944785276
bookkeeper,4,35.83669355,21.09704641,14.52702703,logistic,NO K-Param,no fs,19,19,No sampling,76,13,493,10,0.853932584,0.88372093,0.944434231,0.845784443,0.868571429
bookkeeper,4,35.83669355,21.09704641,14.52702703,Ibk,1,no fs,19,19,No sampling,76,3,503,10,0.962025316,0.88372093,0.933116555,0.908481187,0.921212121
bookkeeper,4,35.83669355,21.09704641,14.52702703,Naive Bayes,NO K-Param,no fs,19,19,No sampling,1,15,491,85,0.0625,0.011627907,0.810092839,-0.027207107,0.019607843
bookkeeper,5,50.75604839,50,14.53957997,Random Forest,NO K-Param,pca,19,9,oversampling,28,19,510,62,0.595744681,0.311111111,0.801795841,0.343240376,0.408759124
bookkeeper,5,50.75604839,50,14.53957997,Random Forest,NO K-Param,pca,19,9,undersampling,48,56,473,42,0.461538462,0.533333333,0.836977526,0.401554762,0.494845361
bookkeeper,5,50.75604839,32.16666667,14.53957997,Random Forest,NO K-Param,pca,19,9,smote,20,12,517,70,0.625,0.222222222,0.799401386,0.272370194,0.327868852
bookkeeper,5,50.75604839,50,14.53957997,logistic,NO K-Param,pca,19,9,oversampling,46,80,449,44,0.365079365,0.511111111,0.817517328,0.308653985,0.425925926
bookkeeper,5,50.75604839,50,14.53957997,logistic,NO K-Param,pca,19,9,undersampling,55,87,442,35,0.387323944,0.611111111,0.814282714,0.360277175,0.474137931
bookkeeper,5,50.75604839,32.16666667,14.53957997,logistic,NO K-Param,pca,19,9,smote,22,18,511,68,0.55,0.244444444,0.816635161,0.273454347,0.338461538
bookkeeper,5,50.75604839,50,14.53957997,Ibk,9,pca,19,9,oversampling,73,221,308,17,0.24829932,0.811111111,0.780487293,0.202699485,0.380208333
bookkeeper,5,50.75604839,50,14.53957997,Ibk,19,pca,19,9,undersampling,72,151,378,18,0.322869955,0.8,0.814009662,0.318969839,0.460063898
bookkeeper,5,50.75604839,32.16666667,14.53957997,Ibk,19,pca,19,9,smote,69,102,427,21,0.403508772,0.766666667,0.806857803,0.417819375,0.528735632
bookkeeper,5,50.75604839,50,14.53957997,Naive Bayes,NO K-Param,pca,19,9,oversampling,40,69,460,50,0.366972477,0.444444444,0.802593993,0.288718726,0.40201005
bookkeeper,5,50.75604839,50,14.53957997,Naive Bayes,NO K-Param,pca,19,9,undersampling,38,68,461,52,0.358490566,0.422222222,0.801470279,0.273502602,0.387755102
bookkeeper,5,50.75604839,32.16666667,14.53957997,Naive Bayes,NO K-Param,pca,19,9,smote,38,61,468,52,0.383838384,0.422222222,0.804085276,0.294682921,0.402116402
bookkeeper,5,50.75604839,19.16583913,14.53957997,Random Forest,NO K-Param,pca,19,9,No sampling,19,10,519,71,0.655172414,0.211111111,0.839413989,0.267412808,0.319327731
bookkeeper,5,50.75604839,19.16583913,14.53957997,logistic,NO K-Param,pca,19,9,No sampling,9,5,524,81,0.642857143,0.1,0.814786809,0.139388257,0.173076923
bookkeeper,5,50.75604839,19.16583913,14.53957997,Ibk,19,pca,19,9,No sampling,9,7,522,81,0.5625,0.1,0.800273052,0.131698919,0.169811321
bookkeeper,5,50.75604839,19.16583913,14.53957997,Naive Bayes,NO K-Param,pca,19,9,No sampling,35,49,480,55,0.416666667,0.388888889,0.80447385,0.304689694,0.402298851
bookkeeper,5,50.75604839,50,14.53957997,Random Forest,NO K-Param,best first,19,5,oversampling,88,21,508,2,0.80733945,0.977777778,0.99057971,0.862525468,0.884422111
bookkeeper,5,50.75604839,50,14.53957997,Random Forest,NO K-Param,best first,19,5,undersampling,88,86,443,2,0.505747126,0.977777778,0.983837429,0.587633236,0.666666667
bookkeeper,5,50.75604839,32.16666667,14.53957997,Random Forest,NO K-Param,best first,19,5,smote,83,2,527,7,0.976470588,0.922222222,0.993541273,0.940112873,0.948571429
bookkeeper,5,50.75604839,50,14.53957997,logistic,NO K-Param,best first,19,5,oversampling,86,16,513,4,0.843137255,0.955555556,0.994654484,0.87680121,0.895833333
bookkeeper,5,50.75604839,50,14.53957997,logistic,NO K-Param,best first,19,5,undersampling,85,28,501,5,0.752212389,0.944444444,0.982724218,0.806042709,0.837438424
bookkeeper,5,50.75604839,32.16666667,14.53957997,logistic,NO K-Param,best first,19,5,smote,81,5,524,9,0.941860465,0.9,0.992785129,0.907279808,0.920454545
bookkeeper,5,50.75604839,50,14.53957997,Ibk,1,best first,19,5,oversampling,88,16,513,2,0.846153846,0.977777778,0.985759294,0.890081487,0.907216495
bookkeeper,5,50.75604839,50,14.53957997,Ibk,3,best first,19,5,undersampling,85,117,412,5,0.420792079,0.944444444,0.935024155,0.476978696,0.582191781
bookkeeper,5,50.75604839,32.16666667,14.53957997,Ibk,3,best first,19,5,smote,80,10,519,10,0.888888889,0.888888889,0.988815375,0.869985297,0.888888889
bookkeeper,5,50.75604839,50,14.53957997,Naive Bayes,NO K-Param,best first,19,5,oversampling,86,44,485,4,0.661538462,0.955555556,0.973566478,0.736549034,0.781818182
bookkeeper,5,50.75604839,50,14.53957997,Naive Bayes,NO K-Param,best first,19,5,undersampling,72,46,483,18,0.610169492,0.8,0.948981306,0.631520202,0.692307692
bookkeeper,5,50.75604839,32.16666667,14.53957997,Naive Bayes,NO K-Param,best first,19,5,smote,43,9,520,47,0.826923077,0.477777778,0.970184835,0.558634037,0.605633803
bookkeeper,5,50.75604839,19.16583913,14.53957997,Random Forest,NO K-Param,best first,19,5,No sampling,83,1,528,7,0.988095238,0.922222222,0.996922915,0.946514592,0.954022989
bookkeeper,5,50.75604839,19.16583913,14.53957997,logistic,NO K-Param,best first,19,5,No sampling,80,0,529,10,1,0.888888889,0.996754883,0.93185071,0.941176471
bookkeeper,5,50.75604839,19.16583913,14.53957997,Ibk,3,best first,19,5,No sampling,79,9,520,11,0.897727273,0.877777778,0.992018484,0.868775307,0.887640449
bookkeeper,5,50.75604839,19.16583913,14.53957997,Naive Bayes,NO K-Param,best first,19,5,No sampling,54,16,513,36,0.771428571,0.6,0.969722747,0.627626099,0.675
bookkeeper,5,50.75604839,50,14.53957997,Random Forest,NO K-Param,wrapper,19,3,oversampling,81,14,515,9,0.852631579,0.9,0.970468389,0.853852076,0.875675676
bookkeeper,5,50.75604839,50,14.53957997,Random Forest,NO K-Param,wrapper,19,3,undersampling,88,269,260,2,0.246498599,0.977777778,0.969985297,0.210343967,0.393736018
bookkeeper,5,50.75604839,32.16666667,14.53957997,Random Forest,NO K-Param,wrapper,19,3,smote,80,7,522,10,0.91954023,0.888888889,0.987376602,0.887937553,0.903954802
bookkeeper,5,50.75604839,50,14.53957997,logistic,NO K-Param,wrapper,19,3,oversampling,85,50,479,5,0.62962963,0.944444444,0.989781558,0.70389215,0.755555556
bookkeeper,5,50.75604839,50,14.53957997,logistic,NO K-Param,wrapper,19,3,undersampling,86,57,472,4,0.601398601,0.955555556,0.972799832,0.68132369,0.738197425
bookkeeper,5,50.75604839,32.16666667,14.53957997,logistic,NO K-Param,wrapper,19,3,smote,81,16,513,9,0.835051546,0.9,0.99031716,0.842562543,0.86631016
bookkeeper,5,50.75604839,50,14.53957997,Ibk,3,wrapper,19,3,oversampling,83,43,486,7,0.658730159,0.922222222,0.964450746,0.721231445,0.768518519
bookkeeper,5,50.75604839,50,14.53957997,Ibk,1,wrapper,19,3,undersampling,86,43,486,4,0.666666667,0.955555556,0.954022264,0.741029544,0.785388128
bookkeeper,5,50.75604839,32.16666667,14.53957997,Ibk,3,wrapper,19,3,smote,78,13,516,12,0.857142857,0.866666667,0.990831758,0.838227454,0.861878453
bookkeeper,5,50.75604839,50,14.53957997,Naive Bayes,NO K-Param,wrapper,19,3,oversampling,85,125,404,5,0.404761905,0.944444444,0.960691031,0.45591616,0.566666667
bookkeeper,5,50.75604839,50,14.53957997,Naive Bayes,NO K-Param,wrapper,19,3,undersampling,81,255,274,9,0.241071429,0.9,0.907267381,0.195842806,0.38028169
bookkeeper,5,50.75604839,32.16666667,14.53957997,Naive Bayes,NO K-Param,wrapper,19,3,smote,74,15,514,16,0.831460674,0.822222222,0.959220752,0.797543812,0.826815642
bookkeeper,5,50.75604839,19.16583913,14.53957997,Random Forest,NO K-Param,wrapper,19,3,No sampling,78,5,524,12,0.939759036,0.866666667,0.992428061,0.885802034,0.901734104
bookkeeper,5,50.75604839,19.16583913,14.53957997,logistic,NO K-Param,wrapper,19,3,No sampling,80,6,523,10,0.930232558,0.888888889,0.979101029,0.894034067,0.909090909
bookkeeper,5,50.75604839,19.16583913,14.53957997,Ibk,3,wrapper,19,3,No sampling,76,9,520,14,0.894117647,0.844444444,0.987954211,0.84695512,0.868571429
bookkeeper,5,50.75604839,19.16583913,14.53957997,Naive Bayes,NO K-Param,wrapper,19,3,No sampling,69,0,529,21,1,0.766666667,0.963484562,0.848850595,0.867924528
bookkeeper,5,50.75604839,50,14.53957997,Random Forest,NO K-Param,no fs,19,19,oversampling,89,17,512,1,0.839622642,0.988888889,0.997374501,0.89102539,0.908163265
bookkeeper,5,50.75604839,50,14.53957997,Random Forest,NO K-Param,no fs,19,19,undersampling,89,54,475,1,0.622377622,0.988888889,0.99115732,0.7126689,0.763948498
bookkeeper,5,50.75604839,32.16666667,14.53957997,Random Forest,NO K-Param,no fs,19,19,smote,86,1,528,4,0.988505747,0.955555556,0.999411888,0.967040457,0.971751412
bookkeeper,5,50.75604839,50,14.53957997,logistic,NO K-Param,no fs,19,19,oversampling,87,17,512,3,0.836538462,0.966666667,0.986841,0.877868319,0.896907216
bookkeeper,5,50.75604839,50,14.53957997,logistic,NO K-Param,no fs,19,19,undersampling,83,276,253,7,0.231197772,0.922222222,0.691094308,0.17877184,0.369710468
bookkeeper,5,50.75604839,32.16666667,14.53957997,logistic,NO K-Param,no fs,19,19,smote,84,13,516,6,0.865979381,0.933333333,0.995778198,0.880347532,0.898395722
bookkeeper,5,50.75604839,50,14.53957997,Ibk,3,no fs,19,19,oversampling,88,78,451,2,0.530120482,0.977777778,0.969880277,0.6148821,0.6875
bookkeeper,5,50.75604839,50,14.53957997,Ibk,9,no fs,19,19,undersampling,83,120,409,7,0.408866995,0.922222222,0.916257089,0.457193755,0.566552901
bookkeeper,5,50.75604839,32.16666667,14.53957997,Ibk,3,no fs,19,19,smote,79,23,506,11,0.774509804,0.877777778,0.986567948,0.790562057,0.822916667
bookkeeper,5,50.75604839,50,14.53957997,Naive Bayes,NO K-Param,no fs,19,19,oversampling,7,8,521,83,0.466666667,0.077777778,0.940537702,0.095770126,0.133333333
bookkeeper,5,50.75604839,50,14.53957997,Naive Bayes,NO K-Param,no fs,19,19,undersampling,8,9,520,82,0.470588235,0.088888889,0.920604915,0.108337423,0.14953271
bookkeeper,5,50.75604839,32.16666667,14.53957997,Naive Bayes,NO K-Param,no fs,19,19,smote,9,8,521,81,0.529411765,0.1,0.940117622,0.127934402,0.168224299
bookkeeper,5,50.75604839,19.16583913,14.53957997,Random Forest,NO K-Param,no fs,19,19,No sampling,83,1,528,7,0.988095238,0.922222222,0.999348876,0.946514592,0.954022989
bookkeeper,5,50.75604839,19.16583913,14.53957997,logistic,NO K-Param,no fs,19,19,No sampling,84,6,523,6,0.933333333,0.933333333,0.994917034,0.921991178,0.933333333
bookkeeper,5,50.75604839,19.16583913,14.53957997,Ibk,3,no fs,19,19,No sampling,75,23,506,15,0.765306122,0.833333333,0.982167612,0.761759105,0.79787234
bookkeeper,5,50.75604839,19.16583913,14.53957997,Naive Bayes,NO K-Param,no fs,19,19,No sampling,4,8,521,86,0.333333333,0.044444444,0.936988028,0.045787005,0.078431373
bookkeeper,6,66.35584677,50,14.30745814,Random Forest,NO K-Param,pca,19,9,oversampling,32,40,523,62,0.444444444,0.340425532,0.788311099,0.298473714,0.385542169
bookkeeper,6,66.35584677,50,14.30745814,Random Forest,NO K-Param,pca,19,9,undersampling,46,68,495,48,0.403508772,0.489361702,0.832234232,0.338575297,0.442307692
bookkeeper,6,66.35584677,30.62077839,14.30745814,Random Forest,NO K-Param,pca,19,9,smote,23,11,552,71,0.676470588,0.244680851,0.795160803,0.306676619,0.359375
bookkeeper,6,66.35584677,50,14.30745814,logistic,NO K-Param,pca,19,9,oversampling,74,122,441,20,0.37755102,0.787234043,0.843732285,0.392941268,0.510344828
bookkeeper,6,66.35584677,50,14.30745814,logistic,NO K-Param,pca,19,9,undersampling,74,122,441,20,0.37755102,0.787234043,0.852027512,0.392941268,0.510344828
bookkeeper,6,66.35584677,30.62077839,14.30745814,logistic,NO K-Param,pca,19,9,smote,31,24,539,63,0.563636364,0.329787234,0.844280262,0.347149726,0.416107383
bookkeeper,6,66.35584677,50,14.30745814,Ibk,19,pca,19,9,oversampling,69,156,407,25,0.306666667,0.734042553,0.821425872,0.289126809,0.432601881
bookkeeper,6,66.35584677,50,14.30745814,Ibk,19,pca,19,9,undersampling,75,122,441,19,0.38071066,0.79787234,0.854833529,0.399050282,0.515463918
bookkeeper,6,66.35584677,30.62077839,14.30745814,Ibk,19,pca,19,9,smote,62,89,474,32,0.410596026,0.659574468,0.82807717,0.400371105,0.506122449
bookkeeper,6,66.35584677,50,14.30745814,Naive Bayes,NO K-Param,pca,19,9,oversampling,62,78,485,32,0.442857143,0.659574468,0.845489588,0.432811691,0.52991453
bookkeeper,6,66.35584677,50,14.30745814,Naive Bayes,NO K-Param,pca,19,9,undersampling,59,70,493,35,0.457364341,0.627659574,0.845206152,0.435747062,0.529147982
bookkeeper,6,66.35584677,30.62077839,14.30745814,Naive Bayes,NO K-Param,pca,19,9,smote,56,67,496,38,0.455284553,0.595744681,0.845820264,0.422453849,0.516129032
bookkeeper,6,66.35584677,18.07823775,14.30745814,Random Forest,NO K-Param,pca,19,9,No sampling,22,10,553,72,0.6875,0.234042553,0.784380787,0.298204934,0.349206349
bookkeeper,6,66.35584677,18.07823775,14.30745814,logistic,NO K-Param,pca,19,9,No sampling,16,5,558,78,0.761904762,0.170212766,0.843165413,0.238468306,0.27826087
bookkeeper,6,66.35584677,18.07823775,14.30745814,Ibk,19,pca,19,9,No sampling,38,23,540,56,0.62295082,0.404255319,0.848267261,0.425642104,0.490322581
bookkeeper,6,66.35584677,18.07823775,14.30745814,Naive Bayes,NO K-Param,pca,19,9,No sampling,40,53,510,54,0.430107527,0.425531915,0.846387136,0.332868327,0.427807487
bookkeeper,6,66.35584677,50,14.30745814,Random Forest,NO K-Param,best first,19,4,oversampling,86,17,546,8,0.834951456,0.914893617,0.970739957,0.85077,0.873096447
bookkeeper,6,66.35584677,50,14.30745814,Random Forest,NO K-Param,best first,19,4,undersampling,88,45,518,6,0.661654135,0.936170213,0.969681796,0.730076127,0.775330396
bookkeeper,6,66.35584677,30.62077839,14.30745814,Random Forest,NO K-Param,best first,19,4,smote,84,5,558,10,0.943820225,0.893617021,0.982568686,0.904781689,0.918032787
bookkeeper,6,66.35584677,50,14.30745814,logistic,NO K-Param,best first,19,4,oversampling,86,29,534,8,0.747826087,0.914893617,0.972591739,0.789883571,0.822966507
bookkeeper,6,66.35584677,50,14.30745814,logistic,NO K-Param,best first,19,4,undersampling,86,38,525,8,0.693548387,0.914893617,0.938466044,0.747969378,0.788990826
bookkeeper,6,66.35584677,30.62077839,14.30745814,logistic,NO K-Param,best first,19,4,smote,86,10,553,8,0.895833333,0.914893617,0.97223272,0.889250997,0.905263158
bookkeeper,6,66.35584677,50,14.30745814,Ibk,1,best first,19,4,oversampling,86,13,550,8,0.868686869,0.914893617,0.973186954,0.872473172,0.89119171
bookkeeper,6,66.35584677,50,14.30745814,Ibk,1,best first,19,4,undersampling,88,40,523,6,0.6875,0.936170213,0.949945202,0.751851548,0.792792793
bookkeeper,6,66.35584677,30.62077839,14.30745814,Ibk,1,best first,19,4,smote,84,7,556,10,0.923076923,0.893617021,0.977740826,0.893055143,0.908108108
bookkeeper,6,66.35584677,50,14.30745814,Naive Bayes,NO K-Param,best first,19,4,oversampling,87,43,520,7,0.669230769,0.925531915,0.952807906,0.732334919,0.776785714
bookkeeper,6,66.35584677,50,14.30745814,Naive Bayes,NO K-Param,best first,19,4,undersampling,86,44,519,8,0.661538462,0.914893617,0.946912437,0.721628316,0.767857143
bookkeeper,6,66.35584677,30.62077839,14.30745814,Naive Bayes,NO K-Param,best first,19,4,smote,47,19,544,47,0.712121212,0.5,0.954149503,0.532293554,0.5875
bookkeeper,6,66.35584677,18.07823775,14.30745814,Random Forest,NO K-Param,best first,19,4,No sampling,84,4,559,10,0.954545455,0.893617021,0.980093345,0.910725032,0.923076923
bookkeeper,6,66.35584677,18.07823775,14.30745814,logistic,NO K-Param,best first,19,4,No sampling,86,4,559,8,0.955555556,0.914893617,0.972459469,0.924168975,0.934782609
bookkeeper,6,66.35584677,18.07823775,14.30745814,Ibk,1,best first,19,4,No sampling,84,5,558,10,0.943820225,0.893617021,0.978449416,0.904781689,0.918032787
bookkeeper,6,66.35584677,18.07823775,14.30745814,Naive Bayes,NO K-Param,best first,19,4,No sampling,57,24,539,37,0.703703704,0.606382979,0.954130607,0.59821348,0.651428571
bookkeeper,6,66.35584677,50,14.30745814,Random Forest,NO K-Param,wrapper,19,4,oversampling,87,49,514,7,0.639705882,0.925531915,0.966242772,0.706934731,0.756521739
bookkeeper,6,66.35584677,50,14.30745814,Random Forest,NO K-Param,wrapper,19,4,undersampling,90,71,492,4,0.559006211,0.957446809,0.969096028,0.641028069,0.705882353
bookkeeper,6,66.35584677,30.62077839,14.30745814,Random Forest,NO K-Param,wrapper,19,4,smote,79,3,560,15,0.963414634,0.840425532,0.977986471,0.881994891,0.897727273
bookkeeper,6,66.35584677,50,14.30745814,logistic,NO K-Param,wrapper,19,4,oversampling,87,34,529,7,0.719008264,0.925531915,0.972563395,0.772696971,0.809302326
bookkeeper,6,66.35584677,50,14.30745814,logistic,NO K-Param,wrapper,19,4,undersampling,86,41,522,8,0.677165354,0.914893617,0.958127055,0.734646104,0.778280543
bookkeeper,6,66.35584677,30.62077839,14.30745814,logistic,NO K-Param,wrapper,19,4,smote,84,15,548,10,0.848484848,0.893617021,0.973281433,0.848182348,0.870466321
bookkeeper,6,66.35584677,50,14.30745814,Ibk,1,wrapper,19,4,oversampling,63,18,545,31,0.777777778,0.670212766,0.907127471,0.677253451,0.72
bookkeeper,6,66.35584677,50,14.30745814,Ibk,1,wrapper,19,4,undersampling,66,38,525,28,0.634615385,0.70212766,0.851422849,0.607704417,0.666666667
bookkeeper,6,66.35584677,30.62077839,14.30745814,Ibk,1,wrapper,19,4,smote,62,7,556,32,0.898550725,0.659574468,0.953346434,0.727759538,0.760736196
bookkeeper,6,66.35584677,50,14.30745814,Naive Bayes,NO K-Param,wrapper,19,4,oversampling,83,123,440,11,0.402912621,0.882978723,0.939561997,0.444106281,0.553333333
bookkeeper,6,66.35584677,50,14.30745814,Naive Bayes,NO K-Param,wrapper,19,4,undersampling,73,266,297,21,0.215339233,0.776595745,0.772816598,0.145821725,0.337182448
bookkeeper,6,66.35584677,30.62077839,14.30745814,Naive Bayes,NO K-Param,wrapper,19,4,smote,60,16,547,34,0.789473684,0.638297872,0.794669514,0.662737931,0.705882353
bookkeeper,6,66.35584677,18.07823775,14.30745814,Random Forest,NO K-Param,wrapper,19,4,No sampling,78,4,559,16,0.951219512,0.829787234,0.976285855,0.868883212,0.886363636
bookkeeper,6,66.35584677,18.07823775,14.30745814,logistic,NO K-Param,wrapper,19,4,No sampling,83,6,557,11,0.93258427,0.882978723,0.982304146,0.892085914,0.907103825
bookkeeper,6,66.35584677,18.07823775,14.30745814,Ibk,1,wrapper,19,4,No sampling,62,7,556,32,0.898550725,0.659574468,0.95420619,0.727759538,0.760736196
bookkeeper,6,66.35584677,18.07823775,14.30745814,Naive Bayes,NO K-Param,wrapper,19,4,No sampling,59,4,559,35,0.936507937,0.627659574,0.789142512,0.719369147,0.751592357
bookkeeper,6,66.35584677,50,14.30745814,Random Forest,NO K-Param,no fs,19,19,oversampling,88,14,549,6,0.862745098,0.936170213,0.98401421,0.880105113,0.897959184
bookkeeper,6,66.35584677,50,14.30745814,Random Forest,NO K-Param,no fs,19,19,undersampling,88,63,500,6,0.582781457,0.936170213,0.978062054,0.658062862,0.718367347
bookkeeper,6,66.35584677,30.62077839,14.30745814,Random Forest,NO K-Param,no fs,19,19,smote,85,4,559,9,0.95505618,0.904255319,0.988114584,0.917477464,0.928961749
bookkeeper,6,66.35584677,50,14.30745814,logistic,NO K-Param,no fs,19,19,oversampling,86,43,520,8,0.666666667,0.914893617,0.960904728,0.725934287,0.771300448
bookkeeper,6,66.35584677,50,14.30745814,logistic,NO K-Param,no fs,19,19,undersampling,87,216,347,7,0.287128713,0.925531915,0.939099051,0.281333235,0.438287154
bookkeeper,6,66.35584677,30.62077839,14.30745814,logistic,NO K-Param,no fs,19,19,smote,86,17,546,8,0.834951456,0.914893617,0.969521182,0.85077,0.873096447
bookkeeper,6,66.35584677,50,14.30745814,Ibk,9,no fs,19,19,oversampling,86,105,458,8,0.45026178,0.914893617,0.95646423,0.509432591,0.603508772
bookkeeper,6,66.35584677,50,14.30745814,Ibk,3,no fs,19,19,undersampling,85,69,494,9,0.551948052,0.904255319,0.93990212,0.617521495,0.685483871
bookkeeper,6,66.35584677,30.62077839,14.30745814,Ibk,3,no fs,19,19,smote,84,7,556,10,0.923076923,0.893617021,0.965657005,0.893055143,0.908108108
bookkeeper,6,66.35584677,50,14.30745814,Naive Bayes,NO K-Param,no fs,19,19,oversampling,24,11,552,70,0.685714286,0.255319149,0.943548997,0.319240659,0.372093023
bookkeeper,6,66.35584677,50,14.30745814,Naive Bayes,NO K-Param,no fs,19,19,undersampling,24,16,547,70,0.6,0.255319149,0.931899777,0.29826871,0.358208955
bookkeeper,6,66.35584677,30.62077839,14.30745814,Naive Bayes,NO K-Param,no fs,19,19,smote,20,7,556,74,0.740740741,0.212765957,0.949321643,0.284919579,0.330578512
bookkeeper,6,66.35584677,18.07823775,14.30745814,Random Forest,NO K-Param,no fs,19,19,No sampling,85,4,559,9,0.95505618,0.904255319,0.986584029,0.917477464,0.928961749
bookkeeper,6,66.35584677,18.07823775,14.30745814,logistic,NO K-Param,no fs,19,19,No sampling,86,5,558,8,0.945054945,0.914893617,0.963757983,0.918218639,0.92972973
bookkeeper,6,66.35584677,18.07823775,14.30745814,Ibk,3,no fs,19,19,No sampling,84,5,558,10,0.943820225,0.893617021,0.965713692,0.904781689,0.918032787
bookkeeper,6,66.35584677,18.07823775,14.30745814,Naive Bayes,NO K-Param,no fs,19,19,No sampling,15,7,556,79,0.681818182,0.159574468,0.947668267,0.216077474,0.25862069
bookkeeper,7,82.91330645,50,13.88478582,Random Forest,NO K-Param,pca,19,9,oversampling,38,36,547,56,0.513513514,0.404255319,0.697456297,0.376061869,0.452380952
bookkeeper,7,82.91330645,50,13.88478582,Random Forest,NO K-Param,pca,19,9,undersampling,57,64,519,37,0.47107438,0.606382979,0.85337214,0.443215778,0.530232558
bookkeeper,7,82.91330645,29.53367876,13.88478582,Random Forest,NO K-Param,pca,19,9,smote,33,27,556,61,0.55,0.35106383,0.817451918,0.359246273,0.428571429
bookkeeper,7,82.91330645,50,13.88478582,logistic,NO K-Param,pca,19,9,oversampling,63,102,481,31,0.381818182,0.670212766,0.852386774,0.376114687,0.486486486
bookkeeper,7,82.91330645,50,13.88478582,logistic,NO K-Param,pca,19,9,undersampling,68,111,472,26,0.379888268,0.723404255,0.851675121,0.386454895,0.498168498
bookkeeper,7,82.91330645,29.53367876,13.88478582,logistic,NO K-Param,pca,19,9,smote,30,37,546,64,0.447761194,0.319148936,0.848883252,0.290702379,0.372670807
bookkeeper,7,82.91330645,50,13.88478582,Ibk,19,pca,19,9,oversampling,68,118,465,26,0.365591398,0.723404255,0.845115142,0.36938522,0.485714286
bookkeeper,7,82.91330645,50,13.88478582,Ibk,19,pca,19,9,undersampling,74,127,456,20,0.368159204,0.787234043,0.862523266,0.38540824,0.501694915
bookkeeper,7,82.91330645,29.53367876,13.88478582,Ibk,19,pca,19,9,smote,47,54,529,47,0.465346535,0.5,0.826137732,0.395038354,0.482051282
bookkeeper,7,82.91330645,50,13.88478582,Naive Bayes,NO K-Param,pca,19,9,oversampling,58,82,501,36,0.414285714,0.617021277,0.858517937,0.39525201,0.495726496
bookkeeper,7,82.91330645,50,13.88478582,Naive Bayes,NO K-Param,pca,19,9,undersampling,62,88,495,32,0.413333333,0.659574468,0.850899602,0.406955354,0.508196721
bookkeeper,7,82.91330645,29.53367876,13.88478582,Naive Bayes,NO K-Param,pca,19,9,smote,55,70,513,39,0.44,0.585106383,0.855835553,0.408534582,0.502283105
bookkeeper,7,82.91330645,17.32522796,13.88478582,Random Forest,NO K-Param,pca,19,9,No sampling,29,21,562,65,0.58,0.308510638,0.857906646,0.339047316,0.402777778
bookkeeper,7,82.91330645,17.32522796,13.88478582,logistic,NO K-Param,pca,19,9,No sampling,20,15,568,74,0.571428571,0.212765957,0.847587679,0.253860538,0.310077519
bookkeeper,7,82.91330645,17.32522796,13.88478582,Ibk,19,pca,19,9,No sampling,24,17,566,70,0.585365854,0.255319149,0.85641035,0.296198932,0.355555556
bookkeeper,7,82.91330645,17.32522796,13.88478582,Naive Bayes,NO K-Param,pca,19,9,No sampling,42,57,526,52,0.424242424,0.446808511,0.849083975,0.341422056,0.435233161
bookkeeper,7,82.91330645,50,13.88478582,Random Forest,NO K-Param,best first,19,4,oversampling,91,15,568,3,0.858490566,0.968085106,0.987865406,0.894467923,0.91
bookkeeper,7,82.91330645,50,13.88478582,Random Forest,NO K-Param,best first,19,4,undersampling,90,43,540,4,0.676691729,0.957446809,0.976469837,0.752718088,0.792951542
bookkeeper,7,82.91330645,29.53367876,13.88478582,Random Forest,NO K-Param,best first,19,4,smote,88,5,578,6,0.946236559,0.936170213,0.992409036,0.931750905,0.941176471
bookkeeper,7,82.91330645,50,13.88478582,logistic,NO K-Param,best first,19,4,oversampling,91,25,558,3,0.784482759,0.968085106,0.990301449,0.842508433,0.866666667
bookkeeper,7,82.91330645,50,13.88478582,logistic,NO K-Param,best first,19,4,undersampling,90,29,554,4,0.756302521,0.957446809,0.98685267,0.816620017,0.845070423
bookkeeper,7,82.91330645,29.53367876,13.88478582,logistic,NO K-Param,best first,19,4,smote,87,9,574,7,0.90625,0.925531915,0.991104339,0.902045541,0.915789474
bookkeeper,7,82.91330645,50,13.88478582,Ibk,1,best first,19,4,oversampling,91,15,568,3,0.858490566,0.968085106,0.986414729,0.894467923,0.91
bookkeeper,7,82.91330645,50,13.88478582,Ibk,1,best first,19,4,undersampling,90,42,541,4,0.681818182,0.957446809,0.971807598,0.757056153,0.796460177
bookkeeper,7,82.91330645,29.53367876,13.88478582,Ibk,1,best first,19,4,smote,91,22,561,3,0.805309735,0.968085106,0.986807051,0.857647504,0.879227053
bookkeeper,7,82.91330645,50,13.88478582,Naive Bayes,NO K-Param,best first,19,4,oversampling,89,45,538,5,0.664179104,0.946808511,0.974234517,0.737930073,0.780701754
bookkeeper,7,82.91330645,50,13.88478582,Naive Bayes,NO K-Param,best first,19,4,undersampling,87,43,540,7,0.669230769,0.925531915,0.959463158,0.733900384,0.776785714
bookkeeper,7,82.91330645,29.53367876,13.88478582,Naive Bayes,NO K-Param,best first,19,4,smote,45,18,565,49,0.714285714,0.478723404,0.964371738,0.51973106,0.573248408
bookkeeper,7,82.91330645,17.32522796,13.88478582,Random Forest,NO K-Param,best first,19,4,No sampling,88,5,578,6,0.946236559,0.936170213,0.994060436,0.931750905,0.941176471
bookkeeper,7,82.91330645,17.32522796,13.88478582,logistic,NO K-Param,best first,19,4,No sampling,85,7,576,9,0.923913043,0.904255319,0.971159812,0.900281701,0.913978495
bookkeeper,7,82.91330645,17.32522796,13.88478582,Ibk,1,best first,19,4,No sampling,89,8,575,5,0.917525773,0.946808511,0.990930988,0.920762395,0.931937173
bookkeeper,7,82.91330645,17.32522796,13.88478582,Naive Bayes,NO K-Param,best first,19,4,No sampling,66,24,559,28,0.733333333,0.70212766,0.965694683,0.672971165,0.717391304
bookkeeper,7,82.91330645,50,13.88478582,Random Forest,NO K-Param,wrapper,19,4,oversampling,90,16,567,4,0.849056604,0.957446809,0.985365498,0.882742137,0.9
bookkeeper,7,82.91330645,50,13.88478582,Random Forest,NO K-Param,wrapper,19,4,undersampling,90,50,533,4,0.642857143,0.957446809,0.977163242,0.72325092,0.769230769
bookkeeper,7,82.91330645,29.53367876,13.88478582,Random Forest,NO K-Param,wrapper,19,4,smote,88,9,574,6,0.907216495,0.936170213,0.993795847,0.908571994,0.921465969
bookkeeper,7,82.91330645,50,13.88478582,logistic,NO K-Param,wrapper,19,4,oversampling,91,16,567,3,0.85046729,0.968085106,0.991186453,0.889074775,0.905472637
bookkeeper,7,82.91330645,50,13.88478582,logistic,NO K-Param,wrapper,19,4,undersampling,91,32,551,3,0.739837398,0.968085106,0.975566585,0.808579392,0.838709677
bookkeeper,7,82.91330645,29.53367876,13.88478582,logistic,NO K-Param,wrapper,19,4,smote,89,10,573,5,0.898989899,0.946808511,0.991378052,0.909370008,0.922279793
bookkeeper,7,82.91330645,50,13.88478582,Ibk,1,wrapper,19,4,oversampling,90,24,559,4,0.789473684,0.957446809,0.978221598,0.841218254,0.865384615
bookkeeper,7,82.91330645,50,13.88478582,Ibk,1,wrapper,19,4,undersampling,89,49,534,5,0.644927536,0.946808511,0.954207876,0.721186699,0.767241379
bookkeeper,7,82.91330645,29.53367876,13.88478582,Ibk,1,wrapper,19,4,smote,88,21,562,6,0.80733945,0.936170213,0.98527426,0.843687735,0.866995074
bookkeeper,7,82.91330645,50,13.88478582,Naive Bayes,NO K-Param,wrapper,19,4,oversampling,89,38,545,5,0.700787402,0.946808511,0.971342287,0.768484424,0.805429864
bookkeeper,7,82.91330645,50,13.88478582,Naive Bayes,NO K-Param,wrapper,19,4,undersampling,75,44,539,19,0.630252101,0.79787234,0.840398161,0.649910941,0.704225352
bookkeeper,7,82.91330645,29.53367876,13.88478582,Naive Bayes,NO K-Param,wrapper,19,4,smote,21,3,580,73,0.875,0.223404255,0.846474581,0.317377345,0.355932203
bookkeeper,7,82.91330645,17.32522796,13.88478582,Random Forest,NO K-Param,wrapper,19,4,No sampling,86,5,578,8,0.945054945,0.914893617,0.988850772,0.918612501,0.92972973
bookkeeper,7,82.91330645,17.32522796,13.88478582,logistic,NO K-Param,wrapper,19,4,No sampling,89,8,575,5,0.917525773,0.946808511,0.991578774,0.920762395,0.931937173
bookkeeper,7,82.91330645,17.32522796,13.88478582,Ibk,1,wrapper,19,4,No sampling,87,21,562,7,0.805555556,0.925531915,0.984644721,0.83721769,0.861386139
bookkeeper,7,82.91330645,17.32522796,13.88478582,Naive Bayes,NO K-Param,wrapper,19,4,No sampling,66,4,579,28,0.942857143,0.70212766,0.844777563,0.778640618,0.804878049
bookkeeper,7,82.91330645,50,13.88478582,Random Forest,NO K-Param,no fs,19,19,oversampling,90,16,567,4,0.849056604,0.957446809,0.993467392,0.882742137,0.9
bookkeeper,7,82.91330645,50,13.88478582,Random Forest,NO K-Param,no fs,19,19,undersampling,91,56,527,3,0.619047619,0.968085106,0.990602533,0.705263391,0.755186722
bookkeeper,7,82.91330645,29.53367876,13.88478582,Random Forest,NO K-Param,no fs,19,19,smote,89,4,579,5,0.956989247,0.946808511,0.997335864,0.944159831,0.951871658
bookkeeper,7,82.91330645,50,13.88478582,logistic,NO K-Param,no fs,19,19,oversampling,89,19,564,5,0.824074074,0.946808511,0.969353308,0.860472306,0.881188119
bookkeeper,7,82.91330645,50,13.88478582,logistic,NO K-Param,no fs,19,19,undersampling,83,315,268,11,0.208542714,0.882978723,0.692520346,0.145427089,0.337398374
bookkeeper,7,82.91330645,29.53367876,13.88478582,logistic,NO K-Param,no fs,19,19,smote,88,13,570,6,0.871287129,0.936170213,0.980739754,0.886195334,0.902564103
bookkeeper,7,82.91330645,50,13.88478582,Ibk,9,no fs,19,19,oversampling,87,77,506,7,0.530487805,0.925531915,0.972820335,0.604627557,0.674418605
bookkeeper,7,82.91330645,50,13.88478582,Ibk,3,no fs,19,19,undersampling,88,90,493,6,0.494382022,0.936170213,0.954545455,0.568675338,0.647058824
bookkeeper,7,82.91330645,29.53367876,13.88478582,Ibk,3,no fs,19,19,smote,85,12,571,9,0.87628866,0.904255319,0.982664866,0.872000792,0.890052356
bookkeeper,7,82.91330645,50,13.88478582,Naive Bayes,NO K-Param,no fs,19,19,oversampling,21,17,566,73,0.552631579,0.223404255,0.931152148,0.258939431,0.318181818
bookkeeper,7,82.91330645,50,13.88478582,Naive Bayes,NO K-Param,no fs,19,19,undersampling,17,12,571,77,0.586206897,0.180851064,0.91047772,0.225728935,0.276422764
bookkeeper,7,82.91330645,29.53367876,13.88478582,Naive Bayes,NO K-Param,no fs,19,19,smote,23,15,568,71,0.605263158,0.244680851,0.941279515,0.291875456,0.348484848
bookkeeper,7,82.91330645,17.32522796,13.88478582,Random Forest,NO K-Param,no fs,19,19,No sampling,86,4,579,8,0.955555556,0.914893617,0.996788438,0.924531807,0.934782609
bookkeeper,7,82.91330645,17.32522796,13.88478582,logistic,NO K-Param,no fs,19,19,No sampling,87,9,574,7,0.90625,0.925531915,0.97970877,0.902045541,0.915789474
bookkeeper,7,82.91330645,17.32522796,13.88478582,Ibk,3,no fs,19,19,No sampling,82,12,571,12,0.872340426,0.872340426,0.983011569,0.851757235,0.872340426
bookkeeper,7,82.91330645,17.32522796,13.88478582,Naive Bayes,NO K-Param,no fs,19,19,No sampling,23,12,571,71,0.657142857,0.244680851,0.940814204,0.304162074,0.356589147
