Dataset,#Training Release,%Training(data on training/total data,%Defective on training,%Defective in testing,Classifier,IBK k-hyperParam[1-3-9-19],Feature Selection,EPV Before,EPV After,Balancing,TP,FP,TN,FN,Precision,Recall,AUC,Kappa,FMeasure
bookkeeper,1.0,6.048387096774194,50.0,28.47682119205298,Random Forest,NO K-Param,pca,19,4,oversampling,17.0,9.0,207.0,69.0,0.6538461538461539,0.19767441860465115,0.6517818690783808,0.197465249386754,0.30357142857142855
bookkeeper,1.0,6.048387096774194,50.0,28.47682119205298,Random Forest,NO K-Param,pca,19,4,undersampling,25.0,10.0,206.0,61.0,0.7142857142857143,0.29069767441860467,0.826415805340224,0.297490334840443,0.41322314049586784
bookkeeper,1.0,6.048387096774194,35.051546391752574,28.47682119205298,Random Forest,NO K-Param,pca,19,4,smote,15.0,11.0,205.0,71.0,0.5769230769230769,0.1744186046511628,0.7622469853574505,0.15630962115017705,0.26785714285714285
bookkeeper,1.0,6.048387096774194,50.0,28.47682119205298,logistic,NO K-Param,pca,19,4,oversampling,48.0,24.0,192.0,38.0,0.6666666666666666,0.5581395348837209,0.8347329888027563,0.4700554737914637,0.6075949367088608
bookkeeper,1.0,6.048387096774194,50.0,28.47682119205298,logistic,NO K-Param,pca,19,4,undersampling,49.0,24.0,192.0,37.0,0.6712328767123288,0.5697674418604651,0.8343023255813954,0.48051435339236354,0.6163522012578616
bookkeeper,1.0,6.048387096774194,35.051546391752574,28.47682119205298,logistic,NO K-Param,pca,19,4,smote,46.0,24.0,192.0,40.0,0.6571428571428571,0.5348837209302325,0.8373169681309216,0.4489051094890511,0.5897435897435898
bookkeeper,1.0,6.048387096774194,50.0,28.47682119205298,Ibk,19,pca,19,4,oversampling,55.0,25.0,191.0,31.0,0.6875,0.6395348837209303,0.8192560292850991,0.5350269438029255,0.6626506024096386
bookkeeper,1.0,6.048387096774194,50.0,28.47682119205298,Ibk,3,pca,19,4,undersampling,61.0,31.0,185.0,25.0,0.6630434782608695,0.7093023255813954,0.8235357450473729,0.5541495307392177,0.6853932584269663
bookkeeper,1.0,6.048387096774194,35.051546391752574,28.47682119205298,Ibk,19,pca,19,4,smote,47.0,17.0,199.0,39.0,0.734375,0.5465116279069767,0.8181255383290267,0.5068237489793539,0.6266666666666666
bookkeeper,1.0,6.048387096774194,50.0,28.47682119205298,Naive Bayes,NO K-Param,pca,19,4,oversampling,6.0,6.0,210.0,80.0,0.5,0.06976744186046512,0.799526270456503,0.05666133953218059,0.12244897959183673
bookkeeper,1.0,6.048387096774194,50.0,28.47682119205298,Naive Bayes,NO K-Param,pca,19,4,undersampling,5.0,5.0,211.0,81.0,0.5,0.05813953488372093,0.818744616709733,0.04766793781167486,0.10416666666666667
bookkeeper,1.0,6.048387096774194,35.051546391752574,28.47682119205298,Naive Bayes,NO K-Param,pca,19,4,smote,3.0,5.0,211.0,83.0,0.375,0.03488372093023256,0.8316106804478898,0.016140974381756042,0.06382978723404255
bookkeeper,1.0,6.048387096774194,21.25,28.47682119205298,Random Forest,NO K-Param,pca,19,4,No sampling,5.0,6.0,210.0,81.0,0.45454545454545453,0.05813953488372093,0.8030254091300603,0.04116487847602346,0.10309278350515462
bookkeeper,1.0,6.048387096774194,21.25,28.47682119205298,logistic,NO K-Param,pca,19,4,No sampling,20.0,4.0,212.0,66.0,0.8333333333333334,0.23255813953488372,0.8348406546080964,0.2733397497593842,0.3636363636363636
bookkeeper,1.0,6.048387096774194,21.25,28.47682119205298,Ibk,3,pca,19,4,No sampling,60.0,21.0,195.0,26.0,0.7407407407407407,0.6976744186046512,0.8030254091300603,0.6111445948167223,0.7185628742514969
bookkeeper,1.0,6.048387096774194,21.25,28.47682119205298,Naive Bayes,NO K-Param,pca,19,4,No sampling,3.0,5.0,211.0,83.0,0.375,0.03488372093023256,0.835109819121447,0.016140974381756042,0.06382978723404255
bookkeeper,1.0,6.048387096774194,50.0,28.47682119205298,Random Forest,NO K-Param,best first,19,3,oversampling,48.0,0.0,216.0,38.0,1.0,0.5581395348837209,0.7974267872523686,0.6437352539426302,0.7164179104477612
bookkeeper,1.0,6.048387096774194,50.0,28.47682119205298,Random Forest,NO K-Param,best first,19,3,undersampling,50.0,0.0,216.0,36.0,1.0,0.5813953488372093,0.8058247200689062,0.6651884700665187,0.7352941176470588
bookkeeper,1.0,6.048387096774194,35.051546391752574,28.47682119205298,Random Forest,NO K-Param,best first,19,3,smote,50.0,0.0,216.0,36.0,1.0,0.5813953488372093,0.8413813522825151,0.6651884700665187,0.7352941176470588
bookkeeper,1.0,6.048387096774194,50.0,28.47682119205298,logistic,NO K-Param,best first,19,3,oversampling,61.0,24.0,192.0,25.0,0.7176470588235294,0.7093023255813954,0.8263888888888888,0.6002917184376856,0.7134502923976608
bookkeeper,1.0,6.048387096774194,50.0,28.47682119205298,logistic,NO K-Param,best first,19,3,undersampling,36.0,31.0,185.0,50.0,0.5373134328358209,0.4186046511627907,0.7109711455641688,0.2946773542471598,0.47058823529411764
bookkeeper,1.0,6.048387096774194,35.051546391752574,28.47682119205298,logistic,NO K-Param,best first,19,3,smote,62.0,22.0,194.0,24.0,0.7380952380952381,0.7209302325581395,0.8677325581395349,0.6234413965087282,0.7294117647058824
bookkeeper,1.0,6.048387096774194,50.0,28.47682119205298,Ibk,3,best first,19,3,oversampling,58.0,30.0,186.0,28.0,0.6590909090909091,0.6744186046511628,0.8118809216192937,0.5318079760504651,0.6666666666666666
bookkeeper,1.0,6.048387096774194,50.0,28.47682119205298,Ibk,1,best first,19,3,undersampling,67.0,28.0,188.0,19.0,0.7052631578947368,0.7790697674418605,0.8297803617571059,0.6296122331819842,0.7403314917127073
bookkeeper,1.0,6.048387096774194,35.051546391752574,28.47682119205298,Ibk,1,best first,19,3,smote,62.0,20.0,196.0,24.0,0.7560975609756098,0.7209302325581395,0.8141688199827735,0.6372570430224941,0.7380952380952381
bookkeeper,1.0,6.048387096774194,50.0,28.47682119205298,Naive Bayes,NO K-Param,best first,19,3,oversampling,30.0,24.0,192.0,56.0,0.5555555555555556,0.3488372093023256,0.8039136520241171,0.2677012609117362,0.4285714285714286
bookkeeper,1.0,6.048387096774194,50.0,28.47682119205298,Naive Bayes,NO K-Param,best first,19,3,undersampling,25.0,25.0,191.0,61.0,0.5,0.29069767441860467,0.784130060292851,0.2001724562700173,0.3676470588235294
bookkeeper,1.0,6.048387096774194,35.051546391752574,28.47682119205298,Naive Bayes,NO K-Param,best first,19,3,smote,26.0,25.0,191.0,60.0,0.5098039215686274,0.3023255813953488,0.7996608527131783,0.21262499233175888,0.37956204379562036
bookkeeper,1.0,6.048387096774194,21.25,28.47682119205298,Random Forest,NO K-Param,best first,19,3,No sampling,50.0,0.0,216.0,36.0,1.0,0.5813953488372093,0.8486487941429802,0.6651884700665187,0.7352941176470588
bookkeeper,1.0,6.048387096774194,21.25,28.47682119205298,logistic,NO K-Param,best first,19,3,No sampling,25.0,25.0,191.0,61.0,0.5,0.29069767441860467,0.7109711455641688,0.2001724562700173,0.3676470588235294
bookkeeper,1.0,6.048387096774194,21.25,28.47682119205298,Ibk,1,best first,19,3,No sampling,62.0,19.0,197.0,24.0,0.7654320987654321,0.7209302325581395,0.8164836347975882,0.6442386718535972,0.7425149700598802
bookkeeper,1.0,6.048387096774194,21.25,28.47682119205298,Naive Bayes,NO K-Param,best first,19,3,No sampling,22.0,23.0,193.0,64.0,0.4888888888888889,0.2558139534883721,0.8025139965546942,0.17434479291056482,0.33587786259541985
bookkeeper,1.0,6.048387096774194,50.0,28.47682119205298,Random Forest,NO K-Param,wrapper,19,3,oversampling,33.0,26.0,190.0,53.0,0.559322033898305,0.38372093023255816,0.6680394056847545,0.29082694251233576,0.45517241379310347
bookkeeper,1.0,6.048387096774194,50.0,28.47682119205298,Random Forest,NO K-Param,wrapper,19,3,undersampling,47.0,33.0,183.0,39.0,0.5875,0.5465116279069767,0.7060185185185185,0.4021774991751898,0.5662650602409638
bookkeeper,1.0,6.048387096774194,35.051546391752574,28.47682119205298,Random Forest,NO K-Param,wrapper,19,3,smote,64.0,195.0,21.0,22.0,0.2471042471042471,0.7441860465116279,0.6066160637381568,-0.09878944368062777,0.3710144927536232
bookkeeper,1.0,6.048387096774194,50.0,28.47682119205298,logistic,NO K-Param,wrapper,19,3,oversampling,37.0,30.0,186.0,49.0,0.5522388059701493,0.43023255813953487,0.7628660637381568,0.3120927282163658,0.48366013071895425
bookkeeper,1.0,6.048387096774194,50.0,28.47682119205298,logistic,NO K-Param,wrapper,19,3,undersampling,35.0,29.0,187.0,51.0,0.546875,0.4069767441860465,0.7704295865633075,0.2954624985419339,0.4666666666666666
bookkeeper,1.0,6.048387096774194,35.051546391752574,28.47682119205298,logistic,NO K-Param,wrapper,19,3,smote,31.0,26.0,190.0,55.0,0.543859649122807,0.36046511627906974,0.7709679155900087,0.2672098735845665,0.4335664335664336
bookkeeper,1.0,6.048387096774194,50.0,28.47682119205298,Ibk,19,wrapper,19,3,oversampling,46.0,35.0,181.0,40.0,0.5679012345679012,0.5348837209302325,0.7717484926787253,0.3794860555585995,0.5508982035928143
bookkeeper,1.0,6.048387096774194,50.0,28.47682119205298,Ibk,19,wrapper,19,3,undersampling,39.0,29.0,187.0,47.0,0.5735294117647058,0.45348837209302323,0.7681686046511628,0.3406871193841205,0.5064935064935064
bookkeeper,1.0,6.048387096774194,35.051546391752574,28.47682119205298,Ibk,9,wrapper,19,3,smote,33.0,27.0,189.0,53.0,0.55,0.38372093023255816,0.7769164513350559,0.28461447352836666,0.452054794520548
bookkeeper,1.0,6.048387096774194,50.0,28.47682119205298,Naive Bayes,NO K-Param,wrapper,19,3,oversampling,29.0,26.0,190.0,57.0,0.5272727272727272,0.3372093023255814,0.7618163221360896,0.243222027655335,0.41134751773049644
bookkeeper,1.0,6.048387096774194,50.0,28.47682119205298,Naive Bayes,NO K-Param,wrapper,19,3,undersampling,26.0,25.0,191.0,60.0,0.5098039215686274,0.3023255813953488,0.7533107235142119,0.21262499233175888,0.37956204379562036
bookkeeper,1.0,6.048387096774194,35.051546391752574,28.47682119205298,Naive Bayes,NO K-Param,wrapper,19,3,smote,27.0,24.0,192.0,59.0,0.5294117647058824,0.313953488372093,0.7686531007751938,0.23115146310042348,0.39416058394160586
bookkeeper,1.0,6.048387096774194,21.25,28.47682119205298,Random Forest,NO K-Param,wrapper,19,3,No sampling,30.0,25.0,191.0,56.0,0.5454545454545454,0.3488372093023256,0.640396210163652,0.26145764144677247,0.425531914893617
bookkeeper,1.0,6.048387096774194,21.25,28.47682119205298,logistic,NO K-Param,wrapper,19,3,No sampling,24.0,23.0,193.0,62.0,0.5106382978723404,0.27906976744186046,0.7708333333333334,0.19986285144317675,0.3609022556390978
bookkeeper,1.0,6.048387096774194,21.25,28.47682119205298,Ibk,19,wrapper,19,3,No sampling,22.0,23.0,193.0,64.0,0.4888888888888889,0.2558139534883721,0.7715331610680448,0.17434479291056482,0.33587786259541985
bookkeeper,1.0,6.048387096774194,21.25,28.47682119205298,Naive Bayes,NO K-Param,wrapper,19,3,No sampling,24.0,23.0,193.0,62.0,0.5106382978723404,0.27906976744186046,0.7583710163652024,0.19986285144317675,0.3609022556390978
bookkeeper,1.0,6.048387096774194,50.0,28.47682119205298,Random Forest,NO K-Param,no fs,19,19,oversampling,57.0,17.0,199.0,29.0,0.7702702702702703,0.6627906976744186,0.8095661068044789,0.6096875702405035,0.7124999999999999
bookkeeper,1.0,6.048387096774194,50.0,28.47682119205298,Random Forest,NO K-Param,no fs,19,19,undersampling,58.0,15.0,201.0,28.0,0.7945205479452054,0.6744186046511628,0.7926087424633936,0.633805199932322,0.7295597484276729
bookkeeper,1.0,6.048387096774194,35.051546391752574,28.47682119205298,Random Forest,NO K-Param,no fs,19,19,smote,46.0,6.0,210.0,40.0,0.8846153846153846,0.5348837209302325,0.8564276485788114,0.5755835268239032,0.6666666666666665
bookkeeper,1.0,6.048387096774194,50.0,28.47682119205298,logistic,NO K-Param,no fs,19,19,oversampling,39.0,85.0,131.0,47.0,0.31451612903225806,0.45348837209302323,0.5739664082687338,0.05293167347714525,0.37142857142857144
bookkeeper,1.0,6.048387096774194,50.0,28.47682119205298,logistic,NO K-Param,no fs,19,19,undersampling,12.0,96.0,120.0,74.0,0.1111111111111111,0.13953488372093023,0.2356266149870801,-0.2831150654803557,0.12371134020618559
bookkeeper,1.0,6.048387096774194,35.051546391752574,28.47682119205298,logistic,NO K-Param,no fs,19,19,smote,50.0,0.0,216.0,36.0,1.0,0.5813953488372093,0.8336024978466839,0.6651884700665187,0.7352941176470588
bookkeeper,1.0,6.048387096774194,50.0,28.47682119205298,Ibk,9,no fs,19,19,oversampling,26.0,7.0,209.0,60.0,0.7878787878787878,0.3023255813953488,0.7807116709732989,0.33137267860683356,0.43697478991596644
bookkeeper,1.0,6.048387096774194,50.0,28.47682119205298,Ibk,19,no fs,19,19,undersampling,27.0,0.0,216.0,59.0,1.0,0.313953488372093,0.7904554263565892,0.39563123261651184,0.47787610619469023
bookkeeper,1.0,6.048387096774194,35.051546391752574,28.47682119205298,Ibk,19,no fs,19,19,smote,12.0,0.0,216.0,74.0,1.0,0.13953488372093023,0.7998492678725236,0.1882899898300158,0.24489795918367346
bookkeeper,1.0,6.048387096774194,50.0,28.47682119205298,Naive Bayes,NO K-Param,no fs,19,19,oversampling,3.0,5.0,211.0,83.0,0.375,0.03488372093023256,0.8327950043066322,0.016140974381756042,0.06382978723404255
bookkeeper,1.0,6.048387096774194,50.0,28.47682119205298,Naive Bayes,NO K-Param,no fs,19,19,undersampling,3.0,5.0,211.0,83.0,0.375,0.03488372093023256,0.8405469422911284,0.016140974381756042,0.06382978723404255
bookkeeper,1.0,6.048387096774194,35.051546391752574,28.47682119205298,Naive Bayes,NO K-Param,no fs,19,19,smote,6.0,5.0,211.0,80.0,0.5454545454545454,0.06976744186046512,0.8376668819982773,0.06320706517772418,0.12371134020618556
bookkeeper,1.0,6.048387096774194,21.25,28.47682119205298,Random Forest,NO K-Param,no fs,19,19,No sampling,43.0,1.0,215.0,43.0,0.9772727272727273,0.5,0.8403046942291128,0.5807143758677269,0.6615384615384615
bookkeeper,1.0,6.048387096774194,21.25,28.47682119205298,logistic,NO K-Param,no fs,19,19,No sampling,51.0,35.0,181.0,35.0,0.5930232558139535,0.5930232558139535,0.8031869078380707,0.43098621877691656,0.5930232558139535
bookkeeper,1.0,6.048387096774194,21.25,28.47682119205298,Ibk,3,no fs,19,19,No sampling,1.0,2.0,214.0,85.0,0.3333333333333333,0.011627906976744186,0.7051571920757967,0.0033381382292693054,0.02247191011235955
bookkeeper,1.0,6.048387096774194,21.25,28.47682119205298,Naive Bayes,NO K-Param,no fs,19,19,No sampling,5.0,5.0,211.0,81.0,0.5,0.05813953488372093,0.8366440568475452,0.04766793781167486,0.10416666666666667
bookkeeper,2.0,13.659274193548388,50.0,19.090909090909093,Random Forest,NO K-Param,pca,19,7,oversampling,70.0,136.0,220.0,14.0,0.33980582524271846,0.8333333333333334,0.7627742108079186,0.2902615278733654,0.4827586206896552
bookkeeper,2.0,13.659274193548388,50.0,19.090909090909093,Random Forest,NO K-Param,pca,19,7,undersampling,66.0,146.0,210.0,18.0,0.3113207547169811,0.7857142857142857,0.7515048154093098,0.2374027730808253,0.44594594594594594
bookkeeper,2.0,13.659274193548388,40.35346097201767,19.090909090909093,Random Forest,NO K-Param,pca,19,7,smote,61.0,145.0,211.0,23.0,0.2961165048543689,0.7261904761904762,0.7503678437667202,0.20509291121816925,0.42068965517241375
bookkeeper,2.0,13.659274193548388,50.0,19.090909090909093,logistic,NO K-Param,pca,19,7,oversampling,74.0,137.0,219.0,10.0,0.35071090047393366,0.8809523809523809,0.8045913590155164,0.314481939969476,0.5016949152542373
bookkeeper,2.0,13.659274193548388,50.0,19.090909090909093,logistic,NO K-Param,pca,19,7,undersampling,70.0,122.0,234.0,14.0,0.3645833333333333,0.8333333333333334,0.8031199839486356,0.3290276282741299,0.5072463768115941
bookkeeper,2.0,13.659274193548388,40.35346097201767,19.090909090909093,logistic,NO K-Param,pca,19,7,smote,65.0,101.0,255.0,19.0,0.39156626506024095,0.7738095238095238,0.8070325040128411,0.3569758378799689,0.52
bookkeeper,2.0,13.659274193548388,50.0,19.090909090909093,Ibk,19,pca,19,7,oversampling,69.0,148.0,208.0,15.0,0.31797235023041476,0.8214285714285714,0.7440810593900482,0.2527921320220037,0.4584717607973422
bookkeeper,2.0,13.659274193548388,50.0,19.090909090909093,Ibk,19,pca,19,7,undersampling,61.0,119.0,237.0,23.0,0.3388888888888889,0.7261904761904762,0.7612693953986088,0.27281191806331473,0.4621212121212121
bookkeeper,2.0,13.659274193548388,40.35346097201767,19.090909090909093,Ibk,19,pca,19,7,smote,48.0,84.0,272.0,36.0,0.36363636363636365,0.5714285714285714,0.7505350454788657,0.2753623188405797,0.4444444444444444
bookkeeper,2.0,13.659274193548388,50.0,19.090909090909093,Naive Bayes,NO K-Param,pca,19,7,oversampling,66.0,118.0,238.0,18.0,0.358695652173913,0.7857142857142857,0.7712680577849117,0.3122471496873851,0.49253731343283585
bookkeeper,2.0,13.659274193548388,50.0,19.090909090909093,Naive Bayes,NO K-Param,pca,19,7,undersampling,66.0,118.0,238.0,18.0,0.358695652173913,0.7857142857142857,0.7696462011771,0.3122471496873851,0.49253731343283585
bookkeeper,2.0,13.659274193548388,40.35346097201767,19.090909090909093,Naive Bayes,NO K-Param,pca,19,7,smote,65.0,116.0,240.0,19.0,0.35911602209944754,0.7738095238095238,0.7711510165864098,0.31084091330981994,0.4905660377358491
bookkeeper,2.0,13.659274193548388,25.276752767527675,19.090909090909093,Random Forest,NO K-Param,pca,19,7,No sampling,58.0,124.0,232.0,26.0,0.31868131868131866,0.6904761904761905,0.7377942750133761,0.2366765358993337,0.43609022556390975
bookkeeper,2.0,13.659274193548388,25.276752767527675,19.090909090909093,logistic,NO K-Param,pca,19,7,No sampling,52.0,78.0,278.0,32.0,0.4,0.6190476190476191,0.8079019529159979,0.33075221238938063,0.485981308411215
bookkeeper,2.0,13.659274193548388,25.276752767527675,19.090909090909093,Ibk,19,pca,19,7,No sampling,21.0,22.0,334.0,63.0,0.4883720930232558,0.25,0.7552166934189406,0.23133837553436365,0.3307086614173228
bookkeeper,2.0,13.659274193548388,25.276752767527675,19.090909090909093,Naive Bayes,NO K-Param,pca,19,7,No sampling,64.0,99.0,257.0,20.0,0.39263803680981596,0.7619047619047619,0.7709336543606207,0.3559338712851799,0.5182186234817814
bookkeeper,2.0,13.659274193548388,50.0,19.090909090909093,Random Forest,NO K-Param,best first,19,4,oversampling,62.0,107.0,249.0,22.0,0.3668639053254438,0.7380952380952381,0.7898107276618512,0.31555083928226885,0.49011857707509876
bookkeeper,2.0,13.659274193548388,50.0,19.090909090909093,Random Forest,NO K-Param,best first,19,4,undersampling,50.0,75.0,281.0,34.0,0.4,0.5952380952380952,0.8030196629213483,0.32412626832018054,0.4784688995215311
bookkeeper,2.0,13.659274193548388,40.35346097201767,19.090909090909093,Random Forest,NO K-Param,best first,19,4,smote,44.0,40.0,316.0,40.0,0.5238095238095238,0.5238095238095238,0.8425795880149812,0.4114499732477263,0.5238095238095238
bookkeeper,2.0,13.659274193548388,50.0,19.090909090909093,logistic,NO K-Param,best first,19,4,oversampling,47.0,40.0,316.0,37.0,0.5402298850574713,0.5595238095238095,0.8133192883895131,0.44114542095539705,0.5497076023391814
bookkeeper,2.0,13.659274193548388,50.0,19.090909090909093,logistic,NO K-Param,best first,19,4,undersampling,52.0,40.0,316.0,32.0,0.5652173913043478,0.6190476190476191,0.838399545211343,0.4889003613835827,0.5909090909090909
bookkeeper,2.0,13.659274193548388,40.35346097201767,19.090909090909093,logistic,NO K-Param,best first,19,4,smote,52.0,40.0,316.0,32.0,0.5652173913043478,0.6190476190476191,0.8570090957731408,0.4889003613835827,0.5909090909090909
bookkeeper,2.0,13.659274193548388,50.0,19.090909090909093,Ibk,19,best first,19,4,oversampling,58.0,104.0,252.0,26.0,0.35802469135802467,0.6904761904761905,0.795545746388443,0.2940363349131123,0.47154471544715443
bookkeeper,2.0,13.659274193548388,50.0,19.090909090909093,Ibk,9,best first,19,4,undersampling,54.0,96.0,260.0,30.0,0.36,0.6428571428571429,0.796030631353665,0.287037037037037,0.4615384615384615
bookkeeper,2.0,13.659274193548388,40.35346097201767,19.090909090909093,Ibk,19,best first,19,4,smote,50.0,70.0,286.0,34.0,0.4166666666666667,0.5952380952380952,0.8030196629213483,0.34252873563218406,0.4901960784313726
bookkeeper,2.0,13.659274193548388,50.0,19.090909090909093,Naive Bayes,NO K-Param,best first,19,4,oversampling,52.0,79.0,277.0,32.0,0.3969465648854962,0.6190476190476191,0.7981039325842697,0.32719858937623963,0.48372093023255813
bookkeeper,2.0,13.659274193548388,50.0,19.090909090909093,Naive Bayes,NO K-Param,best first,19,4,undersampling,51.0,78.0,278.0,33.0,0.3953488372093023,0.6071428571428571,0.7920512306046014,0.32211858760826106,0.4788732394366197
bookkeeper,2.0,13.659274193548388,40.35346097201767,19.090909090909093,Naive Bayes,NO K-Param,best first,19,4,smote,44.0,63.0,293.0,40.0,0.411214953271028,0.5238095238095238,0.7960807918673087,0.31399854686364737,0.4607329842931937
bookkeeper,2.0,13.659274193548388,25.276752767527675,19.090909090909093,Random Forest,NO K-Param,best first,19,4,No sampling,41.0,38.0,318.0,43.0,0.5189873417721519,0.4880952380952381,0.8644328517924024,0.3902272105119081,0.5030674846625767
bookkeeper,2.0,13.659274193548388,25.276752767527675,19.090909090909093,logistic,NO K-Param,best first,19,4,No sampling,52.0,40.0,316.0,32.0,0.5652173913043478,0.6190476190476191,0.8575775815944355,0.4889003613835827,0.5909090909090909
bookkeeper,2.0,13.659274193548388,25.276752767527675,19.090909090909093,Ibk,19,best first,19,4,No sampling,15.0,4.0,352.0,69.0,0.7894736842105263,0.17857142857142858,0.7927200374531835,0.23756171667299672,0.2912621359223301
bookkeeper,2.0,13.659274193548388,25.276752767527675,19.090909090909093,Naive Bayes,NO K-Param,best first,19,4,No sampling,43.0,60.0,296.0,41.0,0.4174757281553398,0.5119047619047619,0.7967997592295345,0.31605515882787494,0.4598930481283422
bookkeeper,2.0,13.659274193548388,50.0,19.090909090909093,Random Forest,NO K-Param,wrapper,19,5,oversampling,43.0,40.0,316.0,41.0,0.5180722891566265,0.5119047619047619,0.8044575976457999,0.4013705993012632,0.5149700598802395
bookkeeper,2.0,13.659274193548388,50.0,19.090909090909093,Random Forest,NO K-Param,wrapper,19,5,undersampling,69.0,94.0,262.0,15.0,0.4233128834355828,0.8214285714285714,0.8033206260032103,0.4100570753788625,0.5587044534412955
bookkeeper,2.0,13.659274193548388,40.35346097201767,19.090909090909093,Random Forest,NO K-Param,wrapper,19,5,smote,40.0,40.0,316.0,44.0,0.5,0.47619047619047616,0.8182684590690209,0.37057220708446853,0.4878048780487805
bookkeeper,2.0,13.659274193548388,50.0,19.090909090909093,logistic,NO K-Param,wrapper,19,5,oversampling,41.0,236.0,120.0,43.0,0.148014440433213,0.4880952380952381,0.35456795077581593,-0.09310443083060269,0.22714681440443213
bookkeeper,2.0,13.659274193548388,50.0,19.090909090909093,logistic,NO K-Param,wrapper,19,5,undersampling,55.0,279.0,77.0,29.0,0.16467065868263472,0.6547619047619048,0.3890115034777956,-0.06034051076614927,0.2631578947368421
bookkeeper,2.0,13.659274193548388,40.35346097201767,19.090909090909093,logistic,NO K-Param,wrapper,19,5,smote,42.0,158.0,198.0,42.0,0.21,0.5,0.44853531300160515,0.03677758318739038,0.29577464788732394
bookkeeper,2.0,13.659274193548388,50.0,19.090909090909093,Ibk,9,wrapper,19,5,oversampling,72.0,122.0,234.0,12.0,0.3711340206185567,0.8571428571428571,0.829939138576779,0.34290299572039945,0.5179856115107913
bookkeeper,2.0,13.659274193548388,50.0,19.090909090909093,Ibk,9,wrapper,19,5,undersampling,61.0,89.0,267.0,23.0,0.4066666666666667,0.7261904761904762,0.81044341894061,0.3662551440329218,0.5213675213675214
bookkeeper,2.0,13.659274193548388,40.35346097201767,19.090909090909093,Ibk,9,wrapper,19,5,smote,55.0,60.0,296.0,29.0,0.4782608695652174,0.6547619047619048,0.8233346709470305,0.42614302461899184,0.5527638190954774
bookkeeper,2.0,13.659274193548388,50.0,19.090909090909093,Naive Bayes,NO K-Param,wrapper,19,5,oversampling,52.0,61.0,295.0,32.0,0.46017699115044247,0.6190476190476191,0.8345539058319957,0.39553297092885853,0.5279187817258882
bookkeeper,2.0,13.659274193548388,50.0,19.090909090909093,Naive Bayes,NO K-Param,wrapper,19,5,undersampling,53.0,62.0,294.0,31.0,0.4608695652173913,0.6309523809523809,0.8300561797752809,0.40035169988276686,0.5326633165829145
bookkeeper,2.0,13.659274193548388,40.35346097201767,19.090909090909093,Naive Bayes,NO K-Param,wrapper,19,5,smote,46.0,44.0,312.0,38.0,0.5111111111111111,0.5476190476190477,0.8474117174959872,0.4127604166666665,0.5287356321839081
bookkeeper,2.0,13.659274193548388,25.276752767527675,19.090909090909093,Random Forest,NO K-Param,wrapper,19,5,No sampling,30.0,38.0,318.0,54.0,0.4411764705882353,0.35714285714285715,0.8610052166934189,0.2700519330640507,0.3947368421052631
bookkeeper,2.0,13.659274193548388,25.276752767527675,19.090909090909093,logistic,NO K-Param,wrapper,19,5,No sampling,36.0,142.0,214.0,48.0,0.20224719101123595,0.42857142857142855,0.39788991439272337,0.020802098950524817,0.2748091603053435
bookkeeper,2.0,13.659274193548388,25.276752767527675,19.090909090909093,Ibk,9,wrapper,19,5,No sampling,42.0,28.0,328.0,42.0,0.6,0.5,0.8463750668806849,0.4500000000000002,0.5454545454545454
bookkeeper,2.0,13.659274193548388,25.276752767527675,19.090909090909093,Naive Bayes,NO K-Param,wrapper,19,5,No sampling,37.0,28.0,328.0,47.0,0.5692307692307692,0.44047619047619047,0.847829721776351,0.396046852122987,0.4966442953020134
bookkeeper,2.0,13.659274193548388,50.0,19.090909090909093,Random Forest,NO K-Param,no fs,19,19,oversampling,75.0,97.0,259.0,9.0,0.436046511627907,0.8928571428571429,0.8810192616372392,0.4430645777607946,0.5859375
bookkeeper,2.0,13.659274193548388,50.0,19.090909090909093,Random Forest,NO K-Param,no fs,19,19,undersampling,74.0,108.0,248.0,10.0,0.4065934065934066,0.8809523809523809,0.8593164794007491,0.3995188749074759,0.5563909774436091
bookkeeper,2.0,13.659274193548388,40.35346097201767,19.090909090909093,Random Forest,NO K-Param,no fs,19,19,smote,57.0,40.0,316.0,27.0,0.5876288659793815,0.6785714285714286,0.8724250936329588,0.5346046981561002,0.6298342541436465
bookkeeper,2.0,13.659274193548388,50.0,19.090909090909093,logistic,NO K-Param,no fs,19,19,oversampling,84.0,345.0,11.0,0.0,0.1958041958041958,1.0,0.6620518994114499,0.012027491408934714,0.32748538011695905
bookkeeper,2.0,13.659274193548388,50.0,19.090909090909093,logistic,NO K-Param,no fs,19,19,undersampling,84.0,346.0,10.0,0.0,0.19534883720930232,1.0,0.5960406634563938,0.0109147609147609,0.3268482490272373
bookkeeper,2.0,13.659274193548388,40.35346097201767,19.090909090909093,logistic,NO K-Param,no fs,19,19,smote,84.0,347.0,9.0,0.0,0.19489559164733178,1.0,0.7484617442482611,0.00980595621043893,0.32621359223300966
bookkeeper,2.0,13.659274193548388,50.0,19.090909090909093,Ibk,9,no fs,19,19,oversampling,69.0,124.0,232.0,15.0,0.35751295336787564,0.8214285714285714,0.81044341894061,0.31631192988731893,0.4981949458483755
bookkeeper,2.0,13.659274193548388,50.0,19.090909090909093,Ibk,3,no fs,19,19,undersampling,68.0,105.0,251.0,16.0,0.3930635838150289,0.8095238095238095,0.8050762439807384,0.36631117882308123,0.5291828793774319
bookkeeper,2.0,13.659274193548388,40.35346097201767,19.090909090909093,Ibk,9,no fs,19,19,smote,41.0,54.0,302.0,43.0,0.43157894736842106,0.4880952380952381,0.8092228464419475,0.32038216560509547,0.45810055865921784
bookkeeper,2.0,13.659274193548388,50.0,19.090909090909093,Naive Bayes,NO K-Param,no fs,19,19,oversampling,51.0,68.0,288.0,33.0,0.42857142857142855,0.6071428571428571,0.8156768325307651,0.35898915301177026,0.5024630541871921
bookkeeper,2.0,13.659274193548388,50.0,19.090909090909093,Naive Bayes,NO K-Param,no fs,19,19,undersampling,47.0,66.0,290.0,37.0,0.415929203539823,0.5595238095238095,0.8025514981273408,0.33053651619002583,0.47715736040609136
bookkeeper,2.0,13.659274193548388,40.35346097201767,19.090909090909093,Naive Bayes,NO K-Param,no fs,19,19,smote,51.0,72.0,284.0,33.0,0.4146341463414634,0.6071428571428571,0.8177668539325843,0.3438991138377641,0.49275362318840576
bookkeeper,2.0,13.659274193548388,25.276752767527675,19.090909090909093,Random Forest,NO K-Param,no fs,19,19,No sampling,50.0,32.0,324.0,34.0,0.6097560975609756,0.5952380952380952,0.8660714285714286,0.5099892008639308,0.6024096385542169
bookkeeper,2.0,13.659274193548388,25.276752767527675,19.090909090909093,logistic,NO K-Param,no fs,19,19,No sampling,84.0,351.0,5.0,0.0,0.19310344827586207,1.0,0.5182584269662921,0.005409582689335404,0.3236994219653179
bookkeeper,2.0,13.659274193548388,25.276752767527675,19.090909090909093,Ibk,9,no fs,19,19,No sampling,28.0,21.0,335.0,56.0,0.5714285714285714,0.3333333333333333,0.8179674959871589,0.3262806236080176,0.4210526315789474
bookkeeper,2.0,13.659274193548388,25.276752767527675,19.090909090909093,Naive Bayes,NO K-Param,no fs,19,19,No sampling,45.0,71.0,285.0,39.0,0.3879310344827586,0.5357142857142857,0.8059958533975388,0.29355441382531533,0.45
bookkeeper,3.0,24.74798387096774,50.0,17.954545454545453,Random Forest,NO K-Param,pca,19,7,oversampling,0.0,1.0,360.0,79.0,0.0,0.0,0.4455450752130159,-0.0045088750642084665,0.0
bookkeeper,3.0,24.74798387096774,50.0,17.954545454545453,Random Forest,NO K-Param,pca,19,7,undersampling,0.0,1.0,360.0,79.0,0.0,0.0,0.4275395350468109,-0.0045088750642084665,0.0
bookkeeper,3.0,24.74798387096774,36.74147963424772,17.954545454545453,Random Forest,NO K-Param,pca,19,7,smote,0.0,1.0,360.0,79.0,0.0,0.0,0.33018338651425366,-0.0045088750642084665,0.0
bookkeeper,3.0,24.74798387096774,50.0,17.954545454545453,logistic,NO K-Param,pca,19,7,oversampling,0.0,1.0,360.0,79.0,0.0,0.0,0.6902065289806796,-0.0045088750642084665,0.0
bookkeeper,3.0,24.74798387096774,50.0,17.954545454545453,logistic,NO K-Param,pca,19,7,undersampling,0.0,1.0,360.0,79.0,0.0,0.0,0.6903467863529577,-0.0045088750642084665,0.0
bookkeeper,3.0,24.74798387096774,36.74147963424772,17.954545454545453,logistic,NO K-Param,pca,19,7,smote,0.0,1.0,360.0,79.0,0.0,0.0,0.69991935201094,-0.0045088750642084665,0.0
bookkeeper,3.0,24.74798387096774,50.0,17.954545454545453,Ibk,1,pca,19,7,oversampling,5.0,24.0,337.0,74.0,0.1724137931034483,0.06329113924050633,0.39000315579087624,-0.004238669709814574,0.09259259259259259
bookkeeper,3.0,24.74798387096774,50.0,17.954545454545453,Ibk,1,pca,19,7,undersampling,6.0,25.0,336.0,73.0,0.1935483870967742,0.0759493670886076,0.5033486447631403,0.008781205461817631,0.10909090909090909
bookkeeper,3.0,24.74798387096774,36.74147963424772,17.954545454545453,Ibk,1,pca,19,7,smote,1.0,5.0,356.0,78.0,0.16666666666666666,0.012658227848101266,0.49940390616781793,-0.0018654669153951781,0.02352941176470588
bookkeeper,3.0,24.74798387096774,50.0,17.954545454545453,Naive Bayes,NO K-Param,pca,19,7,oversampling,16.0,35.0,326.0,63.0,0.3137254901960784,0.20253164556962025,0.682965742136821,0.12254283504944838,0.24615384615384614
bookkeeper,3.0,24.74798387096774,50.0,17.954545454545453,Naive Bayes,NO K-Param,pca,19,7,undersampling,16.0,33.0,328.0,63.0,0.32653061224489793,0.20253164556962025,0.6858059539254532,0.1304705833916588,0.25
bookkeeper,3.0,24.74798387096774,36.74147963424772,17.954545454545453,Naive Bayes,NO K-Param,pca,19,7,smote,18.0,48.0,313.0,61.0,0.2727272727272727,0.22784810126582278,0.680721624180371,0.101401483924155,0.2482758620689655
bookkeeper,3.0,24.74798387096774,22.5050916496945,17.954545454545453,Random Forest,NO K-Param,pca,19,7,No sampling,0.0,1.0,360.0,79.0,0.0,0.0,0.4938111434482275,-0.0045088750642084665,0.0
bookkeeper,3.0,24.74798387096774,22.5050916496945,17.954545454545453,logistic,NO K-Param,pca,19,7,No sampling,0.0,1.0,360.0,79.0,0.0,0.0,0.6966934324485431,-0.0045088750642084665,0.0
bookkeeper,3.0,24.74798387096774,22.5050916496945,17.954545454545453,Ibk,1,pca,19,7,No sampling,1.0,5.0,356.0,78.0,0.16666666666666666,0.012658227848101266,0.49940390616781793,-0.0018654669153951781,0.02352941176470588
bookkeeper,3.0,24.74798387096774,22.5050916496945,17.954545454545453,Naive Bayes,NO K-Param,pca,19,7,No sampling,16.0,36.0,325.0,63.0,0.3076923076923077,0.20253164556962025,0.6837546898558855,0.1186468112657818,0.24427480916030536
bookkeeper,3.0,24.74798387096774,50.0,17.954545454545453,Random Forest,NO K-Param,best first,19,4,oversampling,61.0,40.0,321.0,18.0,0.6039603960396039,0.7721518987341772,0.8742417335811213,0.5964706998513646,0.6777777777777778
bookkeeper,3.0,24.74798387096774,50.0,17.954545454545453,Random Forest,NO K-Param,best first,19,4,undersampling,69.0,43.0,318.0,10.0,0.6160714285714286,0.8734177215189873,0.8944387951891721,0.6484987338719401,0.7225130890052356
bookkeeper,3.0,24.74798387096774,36.74147963424772,17.954545454545453,Random Forest,NO K-Param,best first,19,4,smote,62.0,33.0,328.0,17.0,0.6526315789473685,0.7848101265822784,0.9075703916687121,0.6425670186839967,0.7126436781609196
bookkeeper,3.0,24.74798387096774,50.0,17.954545454545453,logistic,NO K-Param,best first,19,4,oversampling,70.0,38.0,323.0,9.0,0.6481481481481481,0.8860759493670886,0.9298713138609348,0.6828999018645732,0.7486631016042781
bookkeeper,3.0,24.74798387096774,50.0,17.954545454545453,logistic,NO K-Param,best first,19,4,undersampling,73.0,46.0,315.0,6.0,0.6134453781512605,0.9240506329113924,0.899698446649602,0.6650955824233731,0.7373737373737375
bookkeeper,3.0,24.74798387096774,36.74147963424772,17.954545454545453,logistic,NO K-Param,best first,19,4,smote,72.0,34.0,327.0,7.0,0.6792452830188679,0.9113924050632911,0.9437567937164697,0.7209676421456414,0.7783783783783783
bookkeeper,3.0,24.74798387096774,50.0,17.954545454545453,Ibk,3,best first,19,4,oversampling,53.0,38.0,323.0,26.0,0.5824175824175825,0.6708860759493671,0.8657561625582945,0.5339445897189764,0.6235294117647059
bookkeeper,3.0,24.74798387096774,50.0,17.954545454545453,Ibk,1,best first,19,4,undersampling,69.0,43.0,318.0,10.0,0.6160714285714286,0.8734177215189873,0.8586906974297837,0.6484987338719401,0.7225130890052356
bookkeeper,3.0,24.74798387096774,36.74147963424772,17.954545454545453,Ibk,3,best first,19,4,smote,37.0,34.0,327.0,42.0,0.5211267605633803,0.46835443037974683,0.8818682281987447,0.38958051914862546,0.4933333333333333
bookkeeper,3.0,24.74798387096774,50.0,17.954545454545453,Naive Bayes,NO K-Param,best first,19,4,oversampling,43.0,26.0,335.0,36.0,0.6231884057971014,0.5443037974683544,0.8935797187839686,0.49684606588217944,0.5810810810810811
bookkeeper,3.0,24.74798387096774,50.0,17.954545454545453,Naive Bayes,NO K-Param,best first,19,4,undersampling,14.0,3.0,358.0,65.0,0.8235294117647058,0.17721518987341772,0.8901258809916196,0.2435657582039744,0.2916666666666667
bookkeeper,3.0,24.74798387096774,36.74147963424772,17.954545454545453,Naive Bayes,NO K-Param,best first,19,4,smote,1.0,2.0,359.0,78.0,0.3333333333333333,0.012658227848101266,0.9090255619060977,0.011402572600124013,0.024390243902439022
bookkeeper,3.0,24.74798387096774,22.5050916496945,17.954545454545453,Random Forest,NO K-Param,best first,19,4,No sampling,61.0,33.0,328.0,18.0,0.648936170212766,0.7721518987341772,0.9192468179108665,0.6337402885682574,0.7052023121387283
bookkeeper,3.0,24.74798387096774,22.5050916496945,17.954545454545453,logistic,NO K-Param,best first,19,4,No sampling,71.0,33.0,328.0,8.0,0.6826923076923077,0.8987341772151899,0.962340895543322,0.718512045936837,0.7759562841530053
bookkeeper,3.0,24.74798387096774,22.5050916496945,17.954545454545453,Ibk,3,best first,19,4,No sampling,34.0,31.0,330.0,45.0,0.5230769230769231,0.43037974683544306,0.8908271678530103,0.3701262007911094,0.4722222222222223
bookkeeper,3.0,24.74798387096774,22.5050916496945,17.954545454545453,Naive Bayes,NO K-Param,best first,19,4,No sampling,0.0,0.0,361.0,79.0,NaN,0.0,0.931133630211438,0.0,NaN
bookkeeper,3.0,24.74798387096774,50.0,17.954545454545453,Random Forest,NO K-Param,wrapper,19,4,oversampling,68.0,31.0,330.0,11.0,0.6868686868686869,0.8607594936708861,0.9177390511588766,0.7051597051597052,0.7640449438202247
bookkeeper,3.0,24.74798387096774,50.0,17.954545454545453,Random Forest,NO K-Param,wrapper,19,4,undersampling,70.0,38.0,323.0,9.0,0.6481481481481481,0.8860759493670886,0.8981906798976121,0.6828999018645732,0.7486631016042781
bookkeeper,3.0,24.74798387096774,36.74147963424772,17.954545454545453,Random Forest,NO K-Param,wrapper,19,4,smote,68.0,16.0,345.0,11.0,0.8095238095238095,0.8607594936708861,0.9372698902486062,0.7967424035039693,0.834355828220859
bookkeeper,3.0,24.74798387096774,50.0,17.954545454545453,logistic,NO K-Param,wrapper,19,4,oversampling,68.0,34.0,327.0,11.0,0.6666666666666666,0.8607594936708861,0.9336231985693748,0.6883067816888104,0.7513812154696132
bookkeeper,3.0,24.74798387096774,50.0,17.954545454545453,logistic,NO K-Param,wrapper,19,4,undersampling,68.0,37.0,324.0,11.0,0.6476190476190476,0.8607594936708861,0.9001192187664364,0.6718968463569985,0.7391304347826088
bookkeeper,3.0,24.74798387096774,36.74147963424772,17.954545454545453,logistic,NO K-Param,wrapper,19,4,smote,67.0,15.0,346.0,12.0,0.8170731707317073,0.8481012658227848,0.9482450296293699,0.7947619376684402,0.8322981366459627
bookkeeper,3.0,24.74798387096774,50.0,17.954545454545453,Ibk,3,wrapper,19,4,oversampling,57.0,35.0,326.0,22.0,0.6195652173913043,0.7215189873417721,0.9036957817595287,0.5868476541908277,0.6666666666666666
bookkeeper,3.0,24.74798387096774,50.0,17.954545454545453,Ibk,1,wrapper,19,4,undersampling,70.0,38.0,323.0,9.0,0.6481481481481481,0.8860759493670886,0.8736105754058697,0.6828999018645732,0.7486631016042781
bookkeeper,3.0,24.74798387096774,36.74147963424772,17.954545454545453,Ibk,1,wrapper,19,4,smote,68.0,14.0,347.0,11.0,0.8292682926829268,0.8607594936708861,0.9337108594270487,0.8099647571004078,0.8447204968944099
bookkeeper,3.0,24.74798387096774,50.0,17.954545454545453,Naive Bayes,NO K-Param,wrapper,19,4,oversampling,54.0,37.0,324.0,25.0,0.5934065934065934,0.6835443037974683,0.8942810056453593,0.5485088212902587,0.6352941176470589
bookkeeper,3.0,24.74798387096774,50.0,17.954545454545453,Naive Bayes,NO K-Param,wrapper,19,4,undersampling,36.0,24.0,337.0,43.0,0.6,0.45569620253164556,0.8901258809916196,0.4295665634674925,0.5179856115107914
bookkeeper,3.0,24.74798387096774,36.74147963424772,17.954545454545453,Naive Bayes,NO K-Param,wrapper,19,4,smote,4.0,2.0,359.0,75.0,0.6666666666666666,0.05063291139240506,0.9177741155019461,0.07055854274113901,0.09411764705882351
bookkeeper,3.0,24.74798387096774,22.5050916496945,17.954545454545453,Random Forest,NO K-Param,wrapper,19,4,No sampling,68.0,14.0,347.0,11.0,0.8292682926829268,0.8607594936708861,0.9478593218556051,0.8099647571004078,0.8447204968944099
bookkeeper,3.0,24.74798387096774,22.5050916496945,17.954545454545453,logistic,NO K-Param,wrapper,19,4,No sampling,66.0,14.0,347.0,13.0,0.825,0.8354430379746836,0.9566254076229882,0.7927424982554081,0.8301886792452831
bookkeeper,3.0,24.74798387096774,22.5050916496945,17.954545454545453,Ibk,1,wrapper,19,4,No sampling,68.0,14.0,347.0,11.0,0.8292682926829268,0.8607594936708861,0.9334654090255619,0.8099647571004078,0.8447204968944099
bookkeeper,3.0,24.74798387096774,22.5050916496945,17.954545454545453,Naive Bayes,NO K-Param,wrapper,19,4,No sampling,0.0,0.0,361.0,79.0,NaN,0.0,0.931133630211438,0.0,NaN
bookkeeper,3.0,24.74798387096774,50.0,17.954545454545453,Random Forest,NO K-Param,no fs,19,19,oversampling,58.0,23.0,338.0,21.0,0.7160493827160493,0.7341772151898734,0.9370244398471195,0.6639005590083679,0.7250000000000001
bookkeeper,3.0,24.74798387096774,50.0,17.954545454545453,Random Forest,NO K-Param,no fs,19,19,undersampling,47.0,26.0,335.0,32.0,0.6438356164383562,0.5949367088607594,0.9285564009958274,0.5389007335670146,0.618421052631579
bookkeeper,3.0,24.74798387096774,36.74147963424772,17.954545454545453,Random Forest,NO K-Param,no fs,19,19,smote,17.0,2.0,359.0,62.0,0.8947368421052632,0.21518987341772153,0.9533644237175216,0.29807069146019205,0.3469387755102041
bookkeeper,3.0,24.74798387096774,50.0,17.954545454545453,logistic,NO K-Param,no fs,19,19,oversampling,63.0,84.0,277.0,16.0,0.42857142857142855,0.7974683544303798,0.8337424173358112,0.4226782480909018,0.5575221238938053
bookkeeper,3.0,24.74798387096774,50.0,17.954545454545453,logistic,NO K-Param,no fs,19,19,undersampling,79.0,358.0,3.0,0.0,0.18077803203661327,1.0,0.5041551246537396,0.003000113928377032,0.3062015503875969
bookkeeper,3.0,24.74798387096774,36.74147963424772,17.954545454545453,logistic,NO K-Param,no fs,19,19,smote,51.0,13.0,348.0,28.0,0.796875,0.6455696202531646,0.9514358848486973,0.658385093167702,0.7132867132867134
bookkeeper,3.0,24.74798387096774,50.0,17.954545454545453,Ibk,1,no fs,19,19,oversampling,41.0,20.0,341.0,38.0,0.6721311475409836,0.5189873417721519,0.7836179389179144,0.5088718679034678,0.5857142857142856
bookkeeper,3.0,24.74798387096774,50.0,17.954545454545453,Ibk,3,no fs,19,19,undersampling,27.0,24.0,337.0,52.0,0.5294117647058824,0.34177215189873417,0.8085662190118869,0.319523014936307,0.4153846153846154
bookkeeper,3.0,24.74798387096774,36.74147963424772,17.954545454545453,Ibk,1,no fs,19,19,smote,54.0,20.0,341.0,25.0,0.7297297297297297,0.6835443037974683,0.8140713208738034,0.6440641403609693,0.7058823529411764
bookkeeper,3.0,24.74798387096774,50.0,17.954545454545453,Naive Bayes,NO K-Param,no fs,19,19,oversampling,0.0,1.0,360.0,79.0,0.0,0.0,0.8728742242014096,-0.0045088750642084665,0.0
bookkeeper,3.0,24.74798387096774,50.0,17.954545454545453,Naive Bayes,NO K-Param,no fs,19,19,undersampling,0.0,1.0,360.0,79.0,0.0,0.0,0.830604158631088,-0.0045088750642084665,0.0
bookkeeper,3.0,24.74798387096774,36.74147963424772,17.954545454545453,Naive Bayes,NO K-Param,no fs,19,19,smote,0.0,1.0,360.0,79.0,0.0,0.0,0.8591640660612223,-0.0045088750642084665,0.0
bookkeeper,3.0,24.74798387096774,22.5050916496945,17.954545454545453,Random Forest,NO K-Param,no fs,19,19,No sampling,18.0,1.0,360.0,61.0,0.9473684210526315,0.22784810126582278,0.956940986710614,0.3200059823520614,0.3673469387755102
bookkeeper,3.0,24.74798387096774,22.5050916496945,17.954545454545453,logistic,NO K-Param,no fs,19,19,No sampling,52.0,20.0,341.0,27.0,0.7222222222222222,0.6582278481012658,0.9076755846979206,0.6244370187418277,0.6887417218543045
bookkeeper,3.0,24.74798387096774,22.5050916496945,17.954545454545453,Ibk,1,no fs,19,19,No sampling,48.0,11.0,350.0,31.0,0.8135593220338984,0.6075949367088608,0.7885620112907185,0.6404529359119031,0.6956521739130435
bookkeeper,3.0,24.74798387096774,22.5050916496945,17.954545454545453,Naive Bayes,NO K-Param,no fs,19,19,No sampling,0.0,1.0,360.0,79.0,0.0,0.0,0.8583400539990883,-0.0045088750642084665,0.0
bookkeeper,4.0,35.836693548387096,50.0,14.527027027027026,Random Forest,NO K-Param,pca,19,8,oversampling,38.0,229.0,277.0,48.0,0.14232209737827714,0.4418604651162791,0.4580499126757974,-0.0057159679120770265,0.21529745042492912
bookkeeper,4.0,35.836693548387096,50.0,14.527027027027026,Random Forest,NO K-Param,pca,19,8,undersampling,62.0,474.0,32.0,24.0,0.11567164179104478,0.7209302325581395,0.37318457578821584,-0.06805008115001161,0.19935691318327972
bookkeeper,4.0,35.836693548387096,34.84320557491289,14.527027027027026,Random Forest,NO K-Param,pca,19,8,smote,24.0,227.0,279.0,62.0,0.09561752988047809,0.27906976744186046,0.3198248919937494,-0.09438886472379301,0.142433234421365
bookkeeper,4.0,35.836693548387096,50.0,14.527027027027026,logistic,NO K-Param,pca,19,8,oversampling,56.0,195.0,311.0,30.0,0.22310756972111553,0.6511627906976745,0.6723503998529277,0.14796714684133763,0.3323442136498516
bookkeeper,4.0,35.836693548387096,50.0,14.527027027027026,logistic,NO K-Param,pca,19,8,undersampling,57.0,181.0,325.0,29.0,0.23949579831932774,0.6627906976744186,0.6729938413457119,0.17599024338512126,0.3518518518518518
bookkeeper,4.0,35.836693548387096,34.84320557491289,14.527027027027026,logistic,NO K-Param,pca,19,8,smote,27.0,58.0,448.0,59.0,0.3176470588235294,0.313953488372093,0.6658930048717713,0.2002955710525101,0.3157894736842105
bookkeeper,4.0,35.836693548387096,50.0,14.527027027027026,Ibk,19,pca,19,8,oversampling,43.0,118.0,388.0,43.0,0.2670807453416149,0.5,0.6830016545638385,0.1958964667769042,0.3481781376518219
bookkeeper,4.0,35.836693548387096,50.0,14.527027027027026,Ibk,9,pca,19,8,undersampling,44.0,106.0,400.0,42.0,0.29333333333333333,0.5116279069767442,0.7158286607224928,0.23084486270103227,0.37288135593220345
bookkeeper,4.0,35.836693548387096,34.84320557491289,14.527027027027026,Ibk,19,pca,19,8,smote,18.0,60.0,446.0,68.0,0.23076923076923078,0.20930232558139536,0.6732121518521923,0.09436848647098207,0.21951219512195125
bookkeeper,4.0,35.836693548387096,50.0,14.527027027027026,Naive Bayes,NO K-Param,pca,19,8,oversampling,27.0,70.0,436.0,59.0,0.27835051546391754,0.313953488372093,0.6706843459876827,0.16676122725090575,0.29508196721311475
bookkeeper,4.0,35.836693548387096,50.0,14.527027027027026,Naive Bayes,NO K-Param,pca,19,8,undersampling,27.0,53.0,453.0,59.0,0.3375,0.313953488372093,0.7521141649048626,0.21544869367663766,0.3253012048192771
bookkeeper,4.0,35.836693548387096,34.84320557491289,14.527027027027026,Naive Bayes,NO K-Param,pca,19,8,smote,27.0,59.0,447.0,59.0,0.313953488372093,0.313953488372093,0.6708911664675062,0.19735269785825885,0.313953488372093
bookkeeper,4.0,35.836693548387096,21.09704641350211,14.527027027027026,Random Forest,NO K-Param,pca,19,8,No sampling,42.0,257.0,249.0,44.0,0.14046822742474915,0.4883720930232558,0.4369427337071422,-0.00963216463069145,0.21818181818181817
bookkeeper,4.0,35.836693548387096,21.09704641350211,14.527027027027026,logistic,NO K-Param,pca,19,8,No sampling,9.0,21.0,485.0,77.0,0.3,0.10465116279069768,0.6623310966081442,0.08653482806398777,0.15517241379310345
bookkeeper,4.0,35.836693548387096,21.09704641350211,14.527027027027026,Ibk,19,pca,19,8,No sampling,1.0,0.0,506.0,85.0,1.0,0.011627906976744186,0.6733270521187609,0.019714797786955975,0.022988505747126436
bookkeeper,4.0,35.836693548387096,21.09704641350211,14.527027027027026,Naive Bayes,NO K-Param,pca,19,8,No sampling,25.0,46.0,460.0,61.0,0.352112676056338,0.29069767441860467,0.6740049636915157,0.2153792795917359,0.3184713375796178
bookkeeper,4.0,35.836693548387096,50.0,14.527027027027026,Random Forest,NO K-Param,best first,19,4,oversampling,77.0,27.0,479.0,9.0,0.7403846153846154,0.8953488372093024,0.9421477157827006,0.7746955345060892,0.8105263157894737
bookkeeper,4.0,35.836693548387096,50.0,14.527027027027026,Random Forest,NO K-Param,best first,19,4,undersampling,79.0,43.0,463.0,7.0,0.6475409836065574,0.9186046511627907,0.9561195881974446,0.7102357271516956,0.7596153846153846
bookkeeper,4.0,35.836693548387096,34.84320557491289,14.527027027027026,Random Forest,NO K-Param,best first,19,4,smote,75.0,5.0,501.0,11.0,0.9375,0.872093023255814,0.9552808162514937,0.8879212419538056,0.9036144578313252
bookkeeper,4.0,35.836693548387096,50.0,14.527027027027026,logistic,NO K-Param,best first,19,4,oversampling,79.0,30.0,476.0,7.0,0.7247706422018348,0.9186046511627907,0.9442389006342494,0.7734662640135689,0.8102564102564102
bookkeeper,4.0,35.836693548387096,50.0,14.527027027027026,logistic,NO K-Param,best first,19,4,undersampling,79.0,34.0,472.0,7.0,0.6991150442477876,0.9186046511627907,0.9426877470355731,0.7532631236530718,0.7939698492462312
bookkeeper,4.0,35.836693548387096,34.84320557491289,14.527027027027026,logistic,NO K-Param,best first,19,4,smote,72.0,9.0,497.0,14.0,0.8888888888888888,0.8372093023255814,0.9635995955510617,0.8396835115150946,0.8622754491017963
bookkeeper,4.0,35.836693548387096,50.0,14.527027027027026,Ibk,1,best first,19,4,oversampling,75.0,20.0,486.0,11.0,0.7894736842105263,0.872093023255814,0.9211209670006434,0.797912170197771,0.8287292817679558
bookkeeper,4.0,35.836693548387096,50.0,14.527027027027026,Ibk,1,best first,19,4,undersampling,79.0,35.0,471.0,7.0,0.6929824561403509,0.9186046511627907,0.9304968287526427,0.748319702000162,0.79
bookkeeper,4.0,35.836693548387096,34.84320557491289,14.527027027027026,Ibk,1,best first,19,4,smote,74.0,4.0,502.0,12.0,0.9487179487179487,0.8604651162790697,0.9558093574777093,0.886796060808873,0.9024390243902439
bookkeeper,4.0,35.836693548387096,50.0,14.527027027027026,Naive Bayes,NO K-Param,best first,19,4,oversampling,76.0,42.0,464.0,10.0,0.6440677966101694,0.8837209302325582,0.9305772589392407,0.6936061788358946,0.7450980392156863
bookkeeper,4.0,35.836693548387096,50.0,14.527027027027026,Naive Bayes,NO K-Param,best first,19,4,undersampling,52.0,37.0,469.0,34.0,0.5842696629213483,0.6046511627906976,0.9170075374574869,0.5239432791192858,0.5942857142857143
bookkeeper,4.0,35.836693548387096,34.84320557491289,14.527027027027026,Naive Bayes,NO K-Param,best first,19,4,smote,17.0,18.0,488.0,69.0,0.4857142857142857,0.19767441860465115,0.920741796120967,0.21502164238249125,0.2809917355371901
bookkeeper,4.0,35.836693548387096,21.09704641350211,14.527027027027026,Random Forest,NO K-Param,best first,19,4,No sampling,74.0,2.0,504.0,12.0,0.9736842105263158,0.8604651162790697,0.9519487085210038,0.8999420513811086,0.9135802469135803
bookkeeper,4.0,35.836693548387096,21.09704641350211,14.527027027027026,logistic,NO K-Param,best first,19,4,No sampling,72.0,4.0,502.0,14.0,0.9473684210526315,0.8372093023255814,0.9672993841345712,0.8713540660614257,0.8888888888888888
bookkeeper,4.0,35.836693548387096,21.09704641350211,14.527027027027026,Ibk,1,best first,19,4,No sampling,73.0,3.0,503.0,13.0,0.9605263157894737,0.8488372093023255,0.9559242577442779,0.8856480587212674,0.9012345679012346
bookkeeper,4.0,35.836693548387096,21.09704641350211,14.527027027027026,Naive Bayes,NO K-Param,best first,19,4,No sampling,21.0,20.0,486.0,65.0,0.5121951219512195,0.2441860465116279,0.9195698134019671,0.2614336875477019,0.33070866141732286
bookkeeper,4.0,35.836693548387096,50.0,14.527027027027026,Random Forest,NO K-Param,wrapper,19,3,oversampling,76.0,23.0,483.0,10.0,0.7676767676767676,0.8837209302325582,0.9311977203787113,0.7887817324741601,0.8216216216216217
bookkeeper,4.0,35.836693548387096,50.0,14.527027027027026,Random Forest,NO K-Param,wrapper,19,3,undersampling,82.0,293.0,213.0,4.0,0.21866666666666668,0.9534883720930233,0.9373333946134755,0.15636335719632263,0.3557483731019523
bookkeeper,4.0,35.836693548387096,34.84320557491289,14.527027027027026,Random Forest,NO K-Param,wrapper,19,3,smote,74.0,10.0,496.0,12.0,0.8809523809523809,0.8604651162790697,0.9429864877286516,0.8488954891405234,0.8705882352941177
bookkeeper,4.0,35.836693548387096,50.0,14.527027027027026,logistic,NO K-Param,wrapper,19,3,oversampling,76.0,46.0,460.0,10.0,0.6229508196721312,0.8837209302325582,0.9350353892821032,0.6754640144098988,0.7307692307692308
bookkeeper,4.0,35.836693548387096,50.0,14.527027027027026,logistic,NO K-Param,wrapper,19,3,undersampling,78.0,186.0,320.0,8.0,0.29545454545454547,0.9069767441860465,0.9313126206452799,0.2901503164556961,0.4457142857142857
bookkeeper,4.0,35.836693548387096,34.84320557491289,14.527027027027026,logistic,NO K-Param,wrapper,19,3,smote,72.0,18.0,488.0,14.0,0.8,0.8372093023255814,0.9531666513466311,0.7864550455406258,0.8181818181818183
bookkeeper,4.0,35.836693548387096,50.0,14.527027027027026,Ibk,3,wrapper,19,3,oversampling,78.0,63.0,443.0,8.0,0.5531914893617021,0.9069767441860465,0.9372759444801912,0.6183488904224022,0.6872246696035242
bookkeeper,4.0,35.836693548387096,50.0,14.527027027027026,Ibk,3,wrapper,19,3,undersampling,58.0,50.0,456.0,28.0,0.5370370370370371,0.6744186046511628,0.9175360786837026,0.5203589828818347,0.597938144329897
bookkeeper,4.0,35.836693548387096,34.84320557491289,14.527027027027026,Ibk,1,wrapper,19,3,smote,74.0,9.0,497.0,12.0,0.891566265060241,0.8604651162790697,0.9350124092287894,0.8550575945530008,0.8757396449704141
bookkeeper,4.0,35.836693548387096,50.0,14.527027027027026,Naive Bayes,NO K-Param,wrapper,19,3,oversampling,80.0,71.0,435.0,6.0,0.5298013245033113,0.9302325581395349,0.960244507767258,0.6013014729034741,0.6751054852320676
bookkeeper,4.0,35.836693548387096,50.0,14.527027027027026,Naive Bayes,NO K-Param,wrapper,19,3,undersampling,83.0,160.0,346.0,3.0,0.34156378600823045,0.9651162790697675,0.961071789686552,0.3691917475093482,0.5045592705167173
bookkeeper,4.0,35.836693548387096,34.84320557491289,14.527027027027026,Naive Bayes,NO K-Param,wrapper,19,3,smote,72.0,15.0,491.0,14.0,0.8275862068965517,0.8372093023255814,0.9685862671201397,0.8036865937885924,0.8323699421965317
bookkeeper,4.0,35.836693548387096,21.09704641350211,14.527027027027026,Random Forest,NO K-Param,wrapper,19,3,No sampling,74.0,9.0,497.0,12.0,0.891566265060241,0.8604651162790697,0.9518108282011214,0.8550575945530008,0.8757396449704141
bookkeeper,4.0,35.836693548387096,21.09704641350211,14.527027027027026,logistic,NO K-Param,wrapper,19,3,No sampling,71.0,10.0,496.0,15.0,0.8765432098765432,0.8255813953488372,0.9500643441492784,0.8257429472990158,0.8502994011976048
bookkeeper,4.0,35.836693548387096,21.09704641350211,14.527027027027026,Ibk,1,wrapper,19,3,No sampling,74.0,8.0,498.0,12.0,0.9024390243902439,0.8604651162790697,0.9361843919477894,0.8612803449245477,0.8809523809523809
bookkeeper,4.0,35.836693548387096,21.09704641350211,14.527027027027026,Naive Bayes,NO K-Param,wrapper,19,3,No sampling,70.0,3.0,503.0,16.0,0.958904109589041,0.813953488372093,0.9786974905781781,0.8621095473937134,0.880503144654088
bookkeeper,4.0,35.836693548387096,50.0,14.527027027027026,Random Forest,NO K-Param,no fs,19,19,oversampling,80.0,33.0,473.0,6.0,0.7079646017699115,0.9302325581395349,0.96507031896314,0.765299068840727,0.8040201005025125
bookkeeper,4.0,35.836693548387096,50.0,14.527027027027026,Random Forest,NO K-Param,no fs,19,19,undersampling,80.0,68.0,438.0,6.0,0.5405405405405406,0.9302325581395349,0.95957808622116,0.6125654450261779,0.6837606837606837
bookkeeper,4.0,35.836693548387096,34.84320557491289,14.527027027027026,Random Forest,NO K-Param,no fs,19,19,smote,77.0,5.0,501.0,9.0,0.9390243902439024,0.8953488372093024,0.9791800716977663,0.9028962414471833,0.9166666666666666
bookkeeper,4.0,35.836693548387096,50.0,14.527027027027026,logistic,NO K-Param,no fs,19,19,oversampling,79.0,79.0,427.0,7.0,0.5,0.9186046511627907,0.9468126666053865,0.5658639743502285,0.6475409836065574
bookkeeper,4.0,35.836693548387096,50.0,14.527027027027026,logistic,NO K-Param,no fs,19,19,undersampling,83.0,323.0,183.0,3.0,0.2044334975369458,0.9651162790697675,0.6730512914789962,0.1284367209798042,0.33739837398373984
bookkeeper,4.0,35.836693548387096,34.84320557491289,14.527027027027026,logistic,NO K-Param,no fs,19,19,smote,79.0,27.0,479.0,7.0,0.7452830188679245,0.9186046511627907,0.9453764132732788,0.7890854220806437,0.8229166666666665
bookkeeper,4.0,35.836693548387096,50.0,14.527027027027026,Ibk,3,no fs,19,19,oversampling,75.0,54.0,452.0,11.0,0.5813953488372093,0.872093023255814,0.9185357110028495,0.6338446313706088,0.6976744186046513
bookkeeper,4.0,35.836693548387096,50.0,14.527027027027026,Ibk,1,no fs,19,19,undersampling,76.0,52.0,454.0,10.0,0.59375,0.8837209302325582,0.8915111683059105,0.6493427086517884,0.7102803738317758
bookkeeper,4.0,35.836693548387096,34.84320557491289,14.527027027027026,Ibk,3,no fs,19,19,smote,71.0,20.0,486.0,15.0,0.7802197802197802,0.8255813953488372,0.936287802187701,0.7675357896154019,0.8022598870056498
bookkeeper,4.0,35.836693548387096,50.0,14.527027027027026,Naive Bayes,NO K-Param,no fs,19,19,oversampling,5.0,28.0,478.0,81.0,0.15151515151515152,0.05813953488372093,0.7923522382571928,0.003767059840672083,0.08403361344537814
bookkeeper,4.0,35.836693548387096,50.0,14.527027027027026,Naive Bayes,NO K-Param,no fs,19,19,undersampling,11.0,42.0,464.0,75.0,0.20754716981132076,0.12790697674418605,0.7514592333854214,0.0534084075876019,0.15827338129496404
bookkeeper,4.0,35.836693548387096,34.84320557491289,14.527027027027026,Naive Bayes,NO K-Param,no fs,19,19,smote,4.0,15.0,491.0,82.0,0.21052631578947367,0.046511627906976744,0.8116439930140638,0.024926984989472278,0.0761904761904762
bookkeeper,4.0,35.836693548387096,21.09704641350211,14.527027027027026,Random Forest,NO K-Param,no fs,19,19,No sampling,77.0,0.0,506.0,9.0,1.0,0.8953488372093024,0.9752504825811196,0.9360015375006004,0.9447852760736196
bookkeeper,4.0,35.836693548387096,21.09704641350211,14.527027027027026,logistic,NO K-Param,no fs,19,19,No sampling,76.0,13.0,493.0,10.0,0.8539325842696629,0.8837209302325582,0.9444342310874161,0.8457844425315998,0.8685714285714285
bookkeeper,4.0,35.836693548387096,21.09704641350211,14.527027027027026,Ibk,1,no fs,19,19,No sampling,76.0,3.0,503.0,10.0,0.9620253164556962,0.8837209302325582,0.9331165548304072,0.9084811872710842,0.9212121212121213
bookkeeper,4.0,35.836693548387096,21.09704641350211,14.527027027027026,Naive Bayes,NO K-Param,no fs,19,19,No sampling,1.0,15.0,491.0,85.0,0.0625,0.011627906976744186,0.8100928394153875,-0.027207107162687972,0.019607843137254905
bookkeeper,5.0,50.756048387096776,50.0,14.539579967689823,Random Forest,NO K-Param,pca,19,9,oversampling,28.0,19.0,510.0,62.0,0.5957446808510638,0.3111111111111111,0.8017958412098298,0.34324037567295,0.40875912408759124
bookkeeper,5.0,50.756048387096776,50.0,14.539579967689823,Random Forest,NO K-Param,pca,19,9,undersampling,48.0,56.0,473.0,42.0,0.46153846153846156,0.5333333333333333,0.8369775257298887,0.401554761951739,0.4948453608247423
bookkeeper,5.0,50.756048387096776,32.166666666666664,14.539579967689823,Random Forest,NO K-Param,pca,19,9,smote,20.0,12.0,517.0,70.0,0.625,0.2222222222222222,0.7994013862633901,0.27237019409960145,0.3278688524590164
bookkeeper,5.0,50.756048387096776,50.0,14.539579967689823,logistic,NO K-Param,pca,19,9,oversampling,46.0,80.0,449.0,44.0,0.36507936507936506,0.5111111111111111,0.8175173282923756,0.3086539847240235,0.4259259259259259
bookkeeper,5.0,50.756048387096776,50.0,14.539579967689823,logistic,NO K-Param,pca,19,9,undersampling,55.0,87.0,442.0,35.0,0.3873239436619718,0.6111111111111112,0.814282713715606,0.3602771753862834,0.47413793103448276
bookkeeper,5.0,50.756048387096776,32.166666666666664,14.539579967689823,logistic,NO K-Param,pca,19,9,smote,22.0,18.0,511.0,68.0,0.55,0.24444444444444444,0.8166351606805293,0.2734543469359899,0.3384615384615384
bookkeeper,5.0,50.756048387096776,50.0,14.539579967689823,Ibk,9,pca,19,9,oversampling,73.0,221.0,308.0,17.0,0.24829931972789115,0.8111111111111111,0.7804872925855912,0.20269948478157332,0.38020833333333337
bookkeeper,5.0,50.756048387096776,50.0,14.539579967689823,Ibk,19,pca,19,9,undersampling,72.0,151.0,378.0,18.0,0.32286995515695066,0.8,0.8140096618357487,0.31896983861412553,0.46006389776357826
bookkeeper,5.0,50.756048387096776,32.166666666666664,14.539579967689823,Ibk,19,pca,19,9,smote,69.0,102.0,427.0,21.0,0.40350877192982454,0.7666666666666667,0.8068578029825667,0.4178193746702453,0.528735632183908
bookkeeper,5.0,50.756048387096776,50.0,14.539579967689823,Naive Bayes,NO K-Param,pca,19,9,oversampling,40.0,69.0,460.0,50.0,0.3669724770642202,0.4444444444444444,0.8025939928586432,0.28871872616139255,0.4020100502512563
bookkeeper,5.0,50.756048387096776,50.0,14.539579967689823,Naive Bayes,NO K-Param,pca,19,9,undersampling,38.0,68.0,461.0,52.0,0.3584905660377358,0.4222222222222222,0.8014702793530771,0.2735026016196549,0.3877551020408163
bookkeeper,5.0,50.756048387096776,32.166666666666664,14.539579967689823,Naive Bayes,NO K-Param,pca,19,9,smote,38.0,61.0,468.0,52.0,0.3838383838383838,0.4222222222222222,0.8040852762024785,0.2946829214185598,0.4021164021164021
bookkeeper,5.0,50.756048387096776,19.165839126117177,14.539579967689823,Random Forest,NO K-Param,pca,19,9,No sampling,19.0,10.0,519.0,71.0,0.6551724137931034,0.2111111111111111,0.839413988657845,0.26741280811209694,0.31932773109243695
bookkeeper,5.0,50.756048387096776,19.165839126117177,14.539579967689823,logistic,NO K-Param,pca,19,9,No sampling,9.0,5.0,524.0,81.0,0.6428571428571429,0.1,0.8147868094938038,0.13938825659596465,0.1730769230769231
bookkeeper,5.0,50.756048387096776,19.165839126117177,14.539579967689823,Ibk,19,pca,19,9,No sampling,9.0,7.0,522.0,81.0,0.5625,0.1,0.8002730518798572,0.13169891924634222,0.169811320754717
bookkeeper,5.0,50.756048387096776,19.165839126117177,14.539579967689823,Naive Bayes,NO K-Param,pca,19,9,No sampling,35.0,49.0,480.0,55.0,0.4166666666666667,0.3888888888888889,0.804473850031506,0.3046896939062061,0.40229885057471265
bookkeeper,5.0,50.756048387096776,50.0,14.539579967689823,Random Forest,NO K-Param,best first,19,5,oversampling,88.0,21.0,508.0,2.0,0.8073394495412844,0.9777777777777777,0.9905797101449275,0.8625254680816137,0.8844221105527638
bookkeeper,5.0,50.756048387096776,50.0,14.539579967689823,Random Forest,NO K-Param,best first,19,5,undersampling,88.0,86.0,443.0,2.0,0.5057471264367817,0.9777777777777777,0.9838374291115312,0.5876332364341087,0.6666666666666667
bookkeeper,5.0,50.756048387096776,32.166666666666664,14.539579967689823,Random Forest,NO K-Param,best first,19,5,smote,83.0,2.0,527.0,7.0,0.9764705882352941,0.9222222222222223,0.9935412728418399,0.9401128728836333,0.9485714285714287
bookkeeper,5.0,50.756048387096776,50.0,14.539579967689823,logistic,NO K-Param,best first,19,5,oversampling,86.0,16.0,513.0,4.0,0.8431372549019608,0.9555555555555556,0.9946544843520269,0.8768012100947379,0.8958333333333333
bookkeeper,5.0,50.756048387096776,50.0,14.539579967689823,logistic,NO K-Param,best first,19,5,undersampling,85.0,28.0,501.0,5.0,0.7522123893805309,0.9444444444444444,0.9827242176013442,0.8060427091542676,0.8374384236453202
bookkeeper,5.0,50.756048387096776,32.166666666666664,14.539579967689823,logistic,NO K-Param,best first,19,5,smote,81.0,5.0,524.0,9.0,0.9418604651162791,0.9,0.9927851291745432,0.9072798082684241,0.9204545454545455
bookkeeper,5.0,50.756048387096776,50.0,14.539579967689823,Ibk,1,best first,19,5,oversampling,88.0,16.0,513.0,2.0,0.8461538461538461,0.9777777777777777,0.9857592942659105,0.8900814868890948,0.9072164948453608
bookkeeper,5.0,50.756048387096776,50.0,14.539579967689823,Ibk,3,best first,19,5,undersampling,85.0,117.0,412.0,5.0,0.4207920792079208,0.9444444444444444,0.9350241545893719,0.4769786962905504,0.5821917808219178
bookkeeper,5.0,50.756048387096776,32.166666666666664,14.539579967689823,Ibk,3,best first,19,5,smote,80.0,10.0,519.0,10.0,0.8888888888888888,0.8888888888888888,0.9888153749212351,0.8699852972064694,0.8888888888888888
bookkeeper,5.0,50.756048387096776,50.0,14.539579967689823,Naive Bayes,NO K-Param,best first,19,5,oversampling,86.0,44.0,485.0,4.0,0.6615384615384615,0.9555555555555556,0.9735664776307499,0.7365490335165812,0.7818181818181817
bookkeeper,5.0,50.756048387096776,50.0,14.539579967689823,Naive Bayes,NO K-Param,best first,19,5,undersampling,72.0,46.0,483.0,18.0,0.6101694915254238,0.8,0.9489813064482252,0.6315202023960117,0.6923076923076924
bookkeeper,5.0,50.756048387096776,32.166666666666664,14.539579967689823,Naive Bayes,NO K-Param,best first,19,5,smote,43.0,9.0,520.0,47.0,0.8269230769230769,0.4777777777777778,0.9701848351186726,0.5586340370266621,0.6056338028169014
bookkeeper,5.0,50.756048387096776,19.165839126117177,14.539579967689823,Random Forest,NO K-Param,best first,19,5,No sampling,83.0,1.0,528.0,7.0,0.9880952380952381,0.9222222222222223,0.9969229153539172,0.9465145918389392,0.9540229885057472
bookkeeper,5.0,50.756048387096776,19.165839126117177,14.539579967689823,logistic,NO K-Param,best first,19,5,No sampling,80.0,0.0,529.0,10.0,1.0,0.8888888888888888,0.9967548834278513,0.9318507101178026,0.9411764705882353
bookkeeper,5.0,50.756048387096776,19.165839126117177,14.539579967689823,Ibk,3,best first,19,5,No sampling,79.0,9.0,520.0,11.0,0.8977272727272727,0.8777777777777778,0.9920184835118673,0.8687753068622673,0.8876404494382022
bookkeeper,5.0,50.756048387096776,19.165839126117177,14.539579967689823,Naive Bayes,NO K-Param,best first,19,5,No sampling,54.0,16.0,513.0,36.0,0.7714285714285715,0.6,0.9697227473219912,0.6276260990282277,0.675
bookkeeper,5.0,50.756048387096776,50.0,14.539579967689823,Random Forest,NO K-Param,wrapper,19,3,oversampling,81.0,14.0,515.0,9.0,0.8526315789473684,0.9,0.9704683889939089,0.8538520761689677,0.8756756756756757
bookkeeper,5.0,50.756048387096776,50.0,14.539579967689823,Random Forest,NO K-Param,wrapper,19,3,undersampling,88.0,269.0,260.0,2.0,0.24649859943977592,0.9777777777777777,0.9699852972064692,0.21034396727438778,0.39373601789709173
bookkeeper,5.0,50.756048387096776,32.166666666666664,14.539579967689823,Random Forest,NO K-Param,wrapper,19,3,smote,80.0,7.0,522.0,10.0,0.9195402298850575,0.8888888888888888,0.9873766015542953,0.8879375525808548,0.903954802259887
bookkeeper,5.0,50.756048387096776,50.0,14.539579967689823,logistic,NO K-Param,wrapper,19,3,oversampling,85.0,50.0,479.0,5.0,0.6296296296296297,0.9444444444444444,0.9897815584961143,0.7038921504674931,0.7555555555555556
bookkeeper,5.0,50.756048387096776,50.0,14.539579967689823,logistic,NO K-Param,wrapper,19,3,undersampling,86.0,57.0,472.0,4.0,0.6013986013986014,0.9555555555555556,0.972799831968074,0.6813236895186814,0.7381974248927038
bookkeeper,5.0,50.756048387096776,32.166666666666664,14.539579967689823,logistic,NO K-Param,wrapper,19,3,smote,81.0,16.0,513.0,9.0,0.8350515463917526,0.9,0.9903171602604495,0.8425625426022197,0.8663101604278075
bookkeeper,5.0,50.756048387096776,50.0,14.539579967689823,Ibk,3,wrapper,19,3,oversampling,83.0,43.0,486.0,7.0,0.6587301587301587,0.9222222222222223,0.9644507456416719,0.7212314454532355,0.7685185185185185
bookkeeper,5.0,50.756048387096776,50.0,14.539579967689823,Ibk,1,wrapper,19,3,undersampling,86.0,43.0,486.0,4.0,0.6666666666666666,0.9555555555555556,0.9540222642302038,0.7410295439777107,0.7853881278538813
bookkeeper,5.0,50.756048387096776,32.166666666666664,14.539579967689823,Ibk,3,wrapper,19,3,smote,78.0,13.0,516.0,12.0,0.8571428571428571,0.8666666666666667,0.9908317580340265,0.8382274537680718,0.861878453038674
bookkeeper,5.0,50.756048387096776,50.0,14.539579967689823,Naive Bayes,NO K-Param,wrapper,19,3,oversampling,85.0,125.0,404.0,5.0,0.40476190476190477,0.9444444444444444,0.9606910312959462,0.4559161595672752,0.5666666666666667
bookkeeper,5.0,50.756048387096776,50.0,14.539579967689823,Naive Bayes,NO K-Param,wrapper,19,3,undersampling,81.0,255.0,274.0,9.0,0.24107142857142858,0.9,0.9072673808023525,0.19584280610587856,0.3802816901408451
bookkeeper,5.0,50.756048387096776,32.166666666666664,14.539579967689823,Naive Bayes,NO K-Param,wrapper,19,3,smote,74.0,15.0,514.0,16.0,0.8314606741573034,0.8222222222222222,0.9592207519428692,0.7975438115234066,0.8268156424581005
bookkeeper,5.0,50.756048387096776,19.165839126117177,14.539579967689823,Random Forest,NO K-Param,wrapper,19,3,No sampling,78.0,5.0,524.0,12.0,0.9397590361445783,0.8666666666666667,0.9924280613316531,0.8858020337070117,0.9017341040462428
bookkeeper,5.0,50.756048387096776,19.165839126117177,14.539579967689823,logistic,NO K-Param,wrapper,19,3,No sampling,80.0,6.0,523.0,10.0,0.9302325581395349,0.8888888888888888,0.9791010291955472,0.8940340665924847,0.9090909090909092
bookkeeper,5.0,50.756048387096776,19.165839126117177,14.539579967689823,Ibk,3,wrapper,19,3,No sampling,76.0,9.0,520.0,14.0,0.8941176470588236,0.8444444444444444,0.987954211300147,0.8469551195915076,0.8685714285714287
bookkeeper,5.0,50.756048387096776,19.165839126117177,14.539579967689823,Naive Bayes,NO K-Param,wrapper,19,3,No sampling,69.0,0.0,529.0,21.0,1.0,0.7666666666666667,0.9634845620667927,0.8488505947605259,0.8679245283018869
bookkeeper,5.0,50.756048387096776,50.0,14.539579967689823,Random Forest,NO K-Param,no fs,19,19,oversampling,89.0,17.0,512.0,1.0,0.839622641509434,0.9888888888888889,0.9973745011552195,0.8910253902429481,0.9081632653061226
bookkeeper,5.0,50.756048387096776,50.0,14.539579967689823,Random Forest,NO K-Param,no fs,19,19,undersampling,89.0,54.0,475.0,1.0,0.6223776223776224,0.9888888888888889,0.9911573198907793,0.7126689003856965,0.7639484978540773
bookkeeper,5.0,50.756048387096776,32.166666666666664,14.539579967689823,Random Forest,NO K-Param,no fs,19,19,smote,86.0,1.0,528.0,4.0,0.9885057471264368,0.9555555555555556,0.9994118882587691,0.9670404566414279,0.9717514124293786
bookkeeper,5.0,50.756048387096776,50.0,14.539579967689823,logistic,NO K-Param,no fs,19,19,oversampling,87.0,17.0,512.0,3.0,0.8365384615384616,0.9666666666666667,0.9868409997899601,0.8778683187656613,0.8969072164948454
bookkeeper,5.0,50.756048387096776,50.0,14.539579967689823,logistic,NO K-Param,no fs,19,19,undersampling,83.0,276.0,253.0,7.0,0.23119777158774374,0.9222222222222223,0.6910943079185046,0.17877184017701858,0.36971046770601335
bookkeeper,5.0,50.756048387096776,32.166666666666664,14.539579967689823,logistic,NO K-Param,no fs,19,19,smote,84.0,13.0,516.0,6.0,0.865979381443299,0.9333333333333333,0.9957781978575929,0.8803475323776871,0.8983957219251337
bookkeeper,5.0,50.756048387096776,50.0,14.539579967689823,Ibk,3,no fs,19,19,oversampling,88.0,78.0,451.0,2.0,0.5301204819277109,0.9777777777777777,0.969880277252678,0.6148821004168481,0.6875000000000001
bookkeeper,5.0,50.756048387096776,50.0,14.539579967689823,Ibk,9,no fs,19,19,undersampling,83.0,120.0,409.0,7.0,0.4088669950738916,0.9222222222222223,0.916257088846881,0.4571937553080571,0.5665529010238908
bookkeeper,5.0,50.756048387096776,32.166666666666664,14.539579967689823,Ibk,3,no fs,19,19,smote,79.0,23.0,506.0,11.0,0.7745098039215687,0.8777777777777778,0.9865679479101029,0.7905620571610543,0.8229166666666667
bookkeeper,5.0,50.756048387096776,50.0,14.539579967689823,Naive Bayes,NO K-Param,no fs,19,19,oversampling,7.0,8.0,521.0,83.0,0.4666666666666667,0.07777777777777778,0.940537702163411,0.09577012601332337,0.13333333333333333
bookkeeper,5.0,50.756048387096776,50.0,14.539579967689823,Naive Bayes,NO K-Param,no fs,19,19,undersampling,8.0,9.0,520.0,82.0,0.47058823529411764,0.08888888888888889,0.9206049149338374,0.10833742263308672,0.14953271028037385
bookkeeper,5.0,50.756048387096776,32.166666666666664,14.539579967689823,Naive Bayes,NO K-Param,no fs,19,19,smote,9.0,8.0,521.0,81.0,0.5294117647058824,0.1,0.9401176223482461,0.12793440235543657,0.16822429906542058
bookkeeper,5.0,50.756048387096776,19.165839126117177,14.539579967689823,Random Forest,NO K-Param,no fs,19,19,No sampling,83.0,1.0,528.0,7.0,0.9880952380952381,0.9222222222222223,0.9993488762864944,0.9465145918389392,0.9540229885057472
bookkeeper,5.0,50.756048387096776,19.165839126117177,14.539579967689823,logistic,NO K-Param,no fs,19,19,No sampling,84.0,6.0,523.0,6.0,0.9333333333333333,0.9333333333333333,0.9949170342365049,0.9219911783238816,0.9333333333333333
bookkeeper,5.0,50.756048387096776,19.165839126117177,14.539579967689823,Ibk,3,no fs,19,19,No sampling,75.0,23.0,506.0,15.0,0.7653061224489796,0.8333333333333334,0.9821676118462508,0.7617591054571974,0.7978723404255319
bookkeeper,5.0,50.756048387096776,19.165839126117177,14.539579967689823,Naive Bayes,NO K-Param,no fs,19,19,No sampling,4.0,8.0,521.0,86.0,0.3333333333333333,0.044444444444444446,0.9369880277252678,0.04578700514939812,0.0784313725490196
bookkeeper,6.0,66.35584677419355,50.0,14.30745814307458,Random Forest,NO K-Param,pca,19,9,oversampling,32.0,40.0,523.0,62.0,0.4444444444444444,0.3404255319148936,0.7883110993537659,0.2984737139626907,0.38554216867469876
bookkeeper,6.0,66.35584677419355,50.0,14.30745814307458,Random Forest,NO K-Param,pca,19,9,undersampling,46.0,68.0,495.0,48.0,0.40350877192982454,0.48936170212765956,0.8322342315105249,0.33857529681316384,0.4423076923076923
bookkeeper,6.0,66.35584677419355,30.620778385332905,14.30745814307458,Random Forest,NO K-Param,pca,19,9,smote,23.0,11.0,552.0,71.0,0.6764705882352942,0.24468085106382978,0.7951608026907524,0.3066766189642746,0.359375
bookkeeper,6.0,66.35584677419355,50.0,14.30745814307458,logistic,NO K-Param,pca,19,9,oversampling,74.0,122.0,441.0,20.0,0.37755102040816324,0.7872340425531915,0.8437322852499906,0.39294126833331167,0.5103448275862069
bookkeeper,6.0,66.35584677419355,50.0,14.30745814307458,logistic,NO K-Param,pca,19,9,undersampling,74.0,122.0,441.0,20.0,0.37755102040816324,0.7872340425531915,0.852027512187748,0.39294126833331167,0.5103448275862069
bookkeeper,6.0,66.35584677419355,30.620778385332905,14.30745814307458,logistic,NO K-Param,pca,19,9,smote,31.0,24.0,539.0,63.0,0.5636363636363636,0.32978723404255317,0.8442802615169495,0.34714972645140624,0.4161073825503355
bookkeeper,6.0,66.35584677419355,50.0,14.30745814307458,Ibk,19,pca,19,9,oversampling,69.0,156.0,407.0,25.0,0.30666666666666664,0.7340425531914894,0.8214258720380938,0.28912680906009564,0.43260188087774293
bookkeeper,6.0,66.35584677419355,50.0,14.30745814307458,Ibk,19,pca,19,9,undersampling,75.0,122.0,441.0,19.0,0.38071065989847713,0.7978723404255319,0.8548335285892446,0.3990502818664814,0.5154639175257731
bookkeeper,6.0,66.35584677419355,30.620778385332905,14.30745814307458,Ibk,19,pca,19,9,smote,62.0,89.0,474.0,32.0,0.4105960264900662,0.6595744680851063,0.8280771701749745,0.4003711050936435,0.5061224489795919
bookkeeper,6.0,66.35584677419355,50.0,14.30745814307458,Naive Bayes,NO K-Param,pca,19,9,oversampling,62.0,78.0,485.0,32.0,0.44285714285714284,0.6595744680851063,0.8454895884509278,0.4328116906559514,0.5299145299145299
bookkeeper,6.0,66.35584677419355,50.0,14.30745814307458,Naive Bayes,NO K-Param,pca,19,9,undersampling,59.0,70.0,493.0,35.0,0.4573643410852713,0.6276595744680851,0.8452061524507766,0.4357470615660195,0.5291479820627804
bookkeeper,6.0,66.35584677419355,30.620778385332905,14.30745814307458,Naive Bayes,NO K-Param,pca,19,9,smote,56.0,67.0,496.0,38.0,0.45528455284552843,0.5957446808510638,0.8458202637844374,0.4224538490518648,0.5161290322580645
bookkeeper,6.0,66.35584677419355,18.07823775161413,14.30745814307458,Random Forest,NO K-Param,pca,19,9,No sampling,22.0,10.0,553.0,72.0,0.6875,0.23404255319148937,0.7843807868183365,0.29820493447620056,0.3492063492063492
bookkeeper,6.0,66.35584677419355,18.07823775161413,14.30745814307458,logistic,NO K-Param,pca,19,9,No sampling,16.0,5.0,558.0,78.0,0.7619047619047619,0.1702127659574468,0.8431654132496882,0.23846830617118403,0.27826086956521734
bookkeeper,6.0,66.35584677419355,18.07823775161413,14.30745814307458,Ibk,19,pca,19,9,No sampling,38.0,23.0,540.0,56.0,0.6229508196721312,0.40425531914893614,0.8482672612524093,0.42564210386534895,0.4903225806451613
bookkeeper,6.0,66.35584677419355,18.07823775161413,14.30745814307458,Naive Bayes,NO K-Param,pca,19,9,No sampling,40.0,53.0,510.0,54.0,0.43010752688172044,0.425531914893617,0.8463871357847398,0.3328683274021349,0.4278074866310161
bookkeeper,6.0,66.35584677419355,50.0,14.30745814307458,Random Forest,NO K-Param,best first,19,4,oversampling,86.0,17.0,546.0,8.0,0.8349514563106796,0.9148936170212766,0.970739956917728,0.8507699995457227,0.8730964467005077
bookkeeper,6.0,66.35584677419355,50.0,14.30745814307458,Random Forest,NO K-Param,best first,19,4,undersampling,88.0,45.0,518.0,6.0,0.6616541353383458,0.9361702127659575,0.969681795850497,0.730076126797438,0.7753303964757708
bookkeeper,6.0,66.35584677419355,30.620778385332905,14.30745814307458,Random Forest,NO K-Param,best first,19,4,smote,84.0,5.0,558.0,10.0,0.9438202247191011,0.8936170212765957,0.9825686859907033,0.904781688711968,0.9180327868852459
bookkeeper,6.0,66.35584677419355,50.0,14.30745814307458,logistic,NO K-Param,best first,19,4,oversampling,86.0,29.0,534.0,8.0,0.7478260869565218,0.9148936170212766,0.9725917387853823,0.7898835711754383,0.8229665071770335
bookkeeper,6.0,66.35584677419355,50.0,14.30745814307458,logistic,NO K-Param,best first,19,4,undersampling,86.0,38.0,525.0,8.0,0.6935483870967742,0.9148936170212766,0.9384660443671818,0.7479693780542722,0.7889908256880733
bookkeeper,6.0,66.35584677419355,30.620778385332905,14.30745814307458,logistic,NO K-Param,best first,19,4,smote,86.0,10.0,553.0,8.0,0.8958333333333334,0.9148936170212766,0.9722327198518574,0.8892509973591055,0.9052631578947369
bookkeeper,6.0,66.35584677419355,50.0,14.30745814307458,Ibk,1,best first,19,4,oversampling,86.0,13.0,550.0,8.0,0.8686868686868687,0.9148936170212766,0.9731869543856997,0.8724731719490889,0.8911917098445595
bookkeeper,6.0,66.35584677419355,50.0,14.30745814307458,Ibk,1,best first,19,4,undersampling,88.0,40.0,523.0,6.0,0.6875,0.9361702127659575,0.9499452023733042,0.7518515477461204,0.7927927927927927
bookkeeper,6.0,66.35584677419355,30.620778385332905,14.30745814307458,Ibk,1,best first,19,4,smote,84.0,7.0,556.0,10.0,0.9230769230769231,0.8936170212765957,0.9777408261214617,0.8930551432921281,0.908108108108108
bookkeeper,6.0,66.35584677419355,50.0,14.30745814307458,Naive Bayes,NO K-Param,best first,19,4,oversampling,87.0,43.0,520.0,7.0,0.6692307692307692,0.925531914893617,0.9528079059748309,0.7323349194967733,0.7767857142857142
bookkeeper,6.0,66.35584677419355,50.0,14.30745814307458,Naive Bayes,NO K-Param,best first,19,4,undersampling,86.0,44.0,519.0,8.0,0.6615384615384615,0.9148936170212766,0.9469124371716866,0.7216283162766443,0.7678571428571428
bookkeeper,6.0,66.35584677419355,30.620778385332905,14.30745814307458,Naive Bayes,NO K-Param,best first,19,4,smote,47.0,19.0,544.0,47.0,0.7121212121212122,0.5,0.954149503042213,0.5322935542324618,0.5875
bookkeeper,6.0,66.35584677419355,18.07823775161413,14.30745814307458,Random Forest,NO K-Param,best first,19,4,No sampling,84.0,4.0,559.0,10.0,0.9545454545454546,0.8936170212765957,0.9800933449227165,0.9107250315442105,0.9230769230769231
bookkeeper,6.0,66.35584677419355,18.07823775161413,14.30745814307458,logistic,NO K-Param,best first,19,4,No sampling,86.0,4.0,559.0,8.0,0.9555555555555556,0.9148936170212766,0.9724594686519784,0.9241689750692521,0.9347826086956522
bookkeeper,6.0,66.35584677419355,18.07823775161413,14.30745814307458,Ibk,1,best first,19,4,No sampling,84.0,5.0,558.0,10.0,0.9438202247191011,0.8936170212765957,0.9784494161218397,0.904781688711968,0.9180327868852459
bookkeeper,6.0,66.35584677419355,18.07823775161413,14.30745814307458,Naive Bayes,NO K-Param,best first,19,4,No sampling,57.0,24.0,539.0,37.0,0.7037037037037037,0.6063829787234043,0.9541306073088697,0.5982134801046647,0.6514285714285715
bookkeeper,6.0,66.35584677419355,50.0,14.30745814307458,Random Forest,NO K-Param,wrapper,19,4,oversampling,87.0,49.0,514.0,7.0,0.6397058823529411,0.925531914893617,0.9662427723819962,0.7069347310063565,0.7565217391304346
bookkeeper,6.0,66.35584677419355,50.0,14.30745814307458,Random Forest,NO K-Param,wrapper,19,4,undersampling,90.0,71.0,492.0,4.0,0.5590062111801242,0.9574468085106383,0.9690960281168512,0.6410280693830271,0.7058823529411764
bookkeeper,6.0,66.35584677419355,30.620778385332905,14.30745814307458,Random Forest,NO K-Param,wrapper,19,4,smote,79.0,3.0,560.0,15.0,0.9634146341463414,0.8404255319148937,0.9779864706549262,0.8819948910353637,0.8977272727272728
bookkeeper,6.0,66.35584677419355,50.0,14.30745814307458,logistic,NO K-Param,wrapper,19,4,oversampling,87.0,34.0,529.0,7.0,0.71900826446281,0.925531914893617,0.9725633951853672,0.7726969714869162,0.8093023255813954
bookkeeper,6.0,66.35584677419355,50.0,14.30745814307458,logistic,NO K-Param,wrapper,19,4,undersampling,86.0,41.0,522.0,8.0,0.6771653543307087,0.9148936170212766,0.9581270549110011,0.7346461041369589,0.7782805429864255
bookkeeper,6.0,66.35584677419355,30.620778385332905,14.30745814307458,logistic,NO K-Param,wrapper,19,4,smote,84.0,15.0,548.0,10.0,0.8484848484848485,0.8936170212765957,0.9732814330524168,0.8481823475584392,0.8704663212435233
bookkeeper,6.0,66.35584677419355,50.0,14.30745814307458,Ibk,1,wrapper,19,4,oversampling,63.0,18.0,545.0,31.0,0.7777777777777778,0.6702127659574468,0.9071274706171346,0.6772534512316158,0.72
bookkeeper,6.0,66.35584677419355,50.0,14.30745814307458,Ibk,1,wrapper,19,4,undersampling,66.0,38.0,525.0,28.0,0.6346153846153846,0.7021276595744681,0.8514228487207589,0.6077044167405504,0.6666666666666666
bookkeeper,6.0,66.35584677419355,30.620778385332905,14.30745814307458,Ibk,1,wrapper,19,4,smote,62.0,7.0,556.0,32.0,0.8985507246376812,0.6595744680851063,0.9533464343751181,0.7277595384566345,0.7607361963190185
bookkeeper,6.0,66.35584677419355,50.0,14.30745814307458,Naive Bayes,NO K-Param,wrapper,19,4,oversampling,83.0,123.0,440.0,11.0,0.4029126213592233,0.8829787234042553,0.9395619969010998,0.44410628141338127,0.5533333333333333
bookkeeper,6.0,66.35584677419355,50.0,14.30745814307458,Naive Bayes,NO K-Param,wrapper,19,4,undersampling,73.0,266.0,297.0,21.0,0.2153392330383481,0.776595744680851,0.7728165980121688,0.14582172512672759,0.3371824480369515
bookkeeper,6.0,66.35584677419355,30.620778385332905,14.30745814307458,Naive Bayes,NO K-Param,wrapper,19,4,smote,60.0,16.0,547.0,34.0,0.7894736842105263,0.6382978723404256,0.7946695136238238,0.6627379314593129,0.7058823529411764
bookkeeper,6.0,66.35584677419355,18.07823775161413,14.30745814307458,Random Forest,NO K-Param,wrapper,19,4,No sampling,78.0,4.0,559.0,16.0,0.9512195121951219,0.8297872340425532,0.9762858546540191,0.8688832122615151,0.8863636363636364
bookkeeper,6.0,66.35584677419355,18.07823775161413,14.30745814307458,logistic,NO K-Param,wrapper,19,4,No sampling,83.0,6.0,557.0,11.0,0.9325842696629213,0.8829787234042553,0.9823041457238956,0.8920859138735637,0.907103825136612
bookkeeper,6.0,66.35584677419355,18.07823775161413,14.30745814307458,Ibk,1,wrapper,19,4,No sampling,62.0,7.0,556.0,32.0,0.8985507246376812,0.6595744680851063,0.9542061902422433,0.7277595384566345,0.7607361963190185
bookkeeper,6.0,66.35584677419355,18.07823775161413,14.30745814307458,Naive Bayes,NO K-Param,wrapper,19,4,No sampling,59.0,4.0,559.0,35.0,0.9365079365079365,0.6276595744680851,0.789142511620876,0.7193691473632329,0.7515923566878981
bookkeeper,6.0,66.35584677419355,50.0,14.30745814307458,Random Forest,NO K-Param,no fs,19,19,oversampling,88.0,14.0,549.0,6.0,0.8627450980392157,0.9361702127659575,0.9840142095914742,0.8801051133253038,0.8979591836734694
bookkeeper,6.0,66.35584677419355,50.0,14.30745814307458,Random Forest,NO K-Param,no fs,19,19,undersampling,88.0,63.0,500.0,6.0,0.5827814569536424,0.9361702127659575,0.9780620535882998,0.6580628615823255,0.7183673469387756
bookkeeper,6.0,66.35584677419355,30.620778385332905,14.30745814307458,Random Forest,NO K-Param,no fs,19,19,smote,85.0,4.0,559.0,9.0,0.9550561797752809,0.9042553191489362,0.9881145837269945,0.9174774635503722,0.9289617486338798
bookkeeper,6.0,66.35584677419355,50.0,14.30745814307458,logistic,NO K-Param,no fs,19,19,oversampling,86.0,43.0,520.0,8.0,0.6666666666666666,0.9148936170212766,0.9609047277124825,0.7259342870463522,0.7713004484304933
bookkeeper,6.0,66.35584677419355,50.0,14.30745814307458,logistic,NO K-Param,no fs,19,19,undersampling,87.0,216.0,347.0,7.0,0.2871287128712871,0.925531914893617,0.9390990514341861,0.28133323522919573,0.4382871536523929
bookkeeper,6.0,66.35584677419355,30.620778385332905,14.30745814307458,logistic,NO K-Param,no fs,19,19,smote,86.0,17.0,546.0,8.0,0.8349514563106796,0.9148936170212766,0.9695211821170779,0.8507699995457227,0.8730964467005077
bookkeeper,6.0,66.35584677419355,50.0,14.30745814307458,Ibk,9,no fs,19,19,oversampling,86.0,105.0,458.0,8.0,0.450261780104712,0.9148936170212766,0.956464230376781,0.5094325908403099,0.6035087719298244
bookkeeper,6.0,66.35584677419355,50.0,14.30745814307458,Ibk,3,no fs,19,19,undersampling,85.0,69.0,494.0,9.0,0.551948051948052,0.9042553191489362,0.9399021201012812,0.617521495103893,0.6854838709677419
bookkeeper,6.0,66.35584677419355,30.620778385332905,14.30745814307458,Ibk,3,no fs,19,19,smote,84.0,7.0,556.0,10.0,0.9230769230769231,0.8936170212765957,0.9656570046483504,0.8930551432921281,0.908108108108108
bookkeeper,6.0,66.35584677419355,50.0,14.30745814307458,Naive Bayes,NO K-Param,no fs,19,19,oversampling,24.0,11.0,552.0,70.0,0.6857142857142857,0.2553191489361702,0.9435489966365594,0.31924065853939293,0.37209302325581395
bookkeeper,6.0,66.35584677419355,50.0,14.30745814307458,Naive Bayes,NO K-Param,no fs,19,19,undersampling,24.0,16.0,547.0,70.0,0.6,0.2553191489361702,0.9318997770303465,0.29826871010208916,0.3582089552238805
bookkeeper,6.0,66.35584677419355,30.620778385332905,14.30745814307458,Naive Bayes,NO K-Param,no fs,19,19,smote,20.0,7.0,556.0,74.0,0.7407407407407407,0.2127659574468085,0.9493216431729715,0.284919579151046,0.3305785123966942
bookkeeper,6.0,66.35584677419355,18.07823775161413,14.30745814307458,Random Forest,NO K-Param,no fs,19,19,No sampling,85.0,4.0,559.0,9.0,0.9550561797752809,0.9042553191489362,0.9865840293261782,0.9174774635503722,0.9289617486338798
bookkeeper,6.0,66.35584677419355,18.07823775161413,14.30745814307458,logistic,NO K-Param,no fs,19,19,No sampling,86.0,5.0,558.0,8.0,0.945054945054945,0.9148936170212766,0.9637579834473375,0.9182186389880979,0.9297297297297297
bookkeeper,6.0,66.35584677419355,18.07823775161413,14.30745814307458,Ibk,3,no fs,19,19,No sampling,84.0,5.0,558.0,10.0,0.9438202247191011,0.8936170212765957,0.9657136918483806,0.904781688711968,0.9180327868852459
bookkeeper,6.0,66.35584677419355,18.07823775161413,14.30745814307458,Naive Bayes,NO K-Param,no fs,19,19,No sampling,15.0,7.0,556.0,79.0,0.6818181818181818,0.1595744680851064,0.9476682665054231,0.21607747377767897,0.25862068965517243
bookkeeper,7.0,82.9133064516129,50.0,13.884785819793205,Random Forest,NO K-Param,pca,19,9,oversampling,38.0,36.0,547.0,56.0,0.5135135135135135,0.40425531914893614,0.6974562972154301,0.37606186888924525,0.4523809523809524
bookkeeper,7.0,82.9133064516129,50.0,13.884785819793205,Random Forest,NO K-Param,pca,19,9,undersampling,57.0,64.0,519.0,37.0,0.47107438016528924,0.6063829787234043,0.8533721397029306,0.44321577760225395,0.5302325581395348
bookkeeper,7.0,82.9133064516129,29.533678756476682,13.884785819793205,Random Forest,NO K-Param,pca,19,9,smote,33.0,27.0,556.0,61.0,0.55,0.35106382978723405,0.8174519178132185,0.35924627331196624,0.4285714285714286
bookkeeper,7.0,82.9133064516129,50.0,13.884785819793205,logistic,NO K-Param,pca,19,9,oversampling,63.0,102.0,481.0,31.0,0.38181818181818183,0.6702127659574468,0.8523867742053209,0.3761146871946954,0.4864864864864865
bookkeeper,7.0,82.9133064516129,50.0,13.884785819793205,logistic,NO K-Param,pca,19,9,undersampling,68.0,111.0,472.0,26.0,0.37988826815642457,0.723404255319149,0.8516751213459363,0.3864548948527806,0.4981684981684982
bookkeeper,7.0,82.9133064516129,29.533678756476682,13.884785819793205,logistic,NO K-Param,pca,19,9,smote,30.0,37.0,546.0,64.0,0.44776119402985076,0.3191489361702128,0.8488832524360425,0.29070237860603104,0.37267080745341613
bookkeeper,7.0,82.9133064516129,50.0,13.884785819793205,Ibk,19,pca,19,9,oversampling,68.0,118.0,465.0,26.0,0.3655913978494624,0.723404255319149,0.8451151417831466,0.3693852204512522,0.48571428571428577
bookkeeper,7.0,82.9133064516129,50.0,13.884785819793205,Ibk,19,pca,19,9,undersampling,74.0,127.0,456.0,20.0,0.3681592039800995,0.7872340425531915,0.8625232655742491,0.38540823951533715,0.5016949152542373
bookkeeper,7.0,82.9133064516129,29.533678756476682,13.884785819793205,Ibk,19,pca,19,9,smote,47.0,54.0,529.0,47.0,0.46534653465346537,0.5,0.8261377321995548,0.39503835366770756,0.4820512820512821
bookkeeper,7.0,82.9133064516129,50.0,13.884785819793205,Naive Bayes,NO K-Param,pca,19,9,oversampling,58.0,82.0,501.0,36.0,0.4142857142857143,0.6170212765957447,0.8585179373015583,0.39525200987145925,0.4957264957264958
bookkeeper,7.0,82.9133064516129,50.0,13.884785819793205,Naive Bayes,NO K-Param,pca,19,9,undersampling,62.0,88.0,495.0,32.0,0.41333333333333333,0.6595744680851063,0.8508996022042992,0.40695535375361364,0.5081967213114754
bookkeeper,7.0,82.9133064516129,29.533678756476682,13.884785819793205,Naive Bayes,NO K-Param,pca,19,9,smote,55.0,70.0,513.0,39.0,0.44,0.5851063829787234,0.8558355534469545,0.4085345815666503,0.502283105022831
bookkeeper,7.0,82.9133064516129,17.325227963525837,13.884785819793205,Random Forest,NO K-Param,pca,19,9,No sampling,29.0,21.0,562.0,65.0,0.58,0.30851063829787234,0.8579066457428561,0.3390473163200436,0.4027777777777778
bookkeeper,7.0,82.9133064516129,17.325227963525837,13.884785819793205,logistic,NO K-Param,pca,19,9,No sampling,20.0,15.0,568.0,74.0,0.5714285714285714,0.2127659574468085,0.847587679281778,0.25386053768900235,0.31007751937984496
bookkeeper,7.0,82.9133064516129,17.325227963525837,13.884785819793205,Ibk,19,pca,19,9,No sampling,24.0,17.0,566.0,70.0,0.5853658536585366,0.2553191489361702,0.8564103499872268,0.2961989317337222,0.3555555555555555
bookkeeper,7.0,82.9133064516129,17.325227963525837,13.884785819793205,Naive Bayes,NO K-Param,pca,19,9,No sampling,42.0,57.0,526.0,52.0,0.42424242424242425,0.44680851063829785,0.8490839750374074,0.3414220564217438,0.43523316062176165
bookkeeper,7.0,82.9133064516129,50.0,13.884785819793205,Random Forest,NO K-Param,best first,19,4,oversampling,91.0,15.0,568.0,3.0,0.8584905660377359,0.9680851063829787,0.9878654063720302,0.8944679229596786,0.91
bookkeeper,7.0,82.9133064516129,50.0,13.884785819793205,Random Forest,NO K-Param,best first,19,4,undersampling,90.0,43.0,540.0,4.0,0.6766917293233082,0.9574468085106383,0.9764698368672676,0.7527180882067225,0.7929515418502202
bookkeeper,7.0,82.9133064516129,29.533678756476682,13.884785819793205,Random Forest,NO K-Param,best first,19,4,smote,88.0,5.0,578.0,6.0,0.946236559139785,0.9361702127659575,0.9924090361665633,0.9317509050084771,0.9411764705882354
bookkeeper,7.0,82.9133064516129,50.0,13.884785819793205,logistic,NO K-Param,best first,19,4,oversampling,91.0,25.0,558.0,3.0,0.7844827586206896,0.9680851063829787,0.9903014488522317,0.8425084328941027,0.8666666666666667
bookkeeper,7.0,82.9133064516129,50.0,13.884785819793205,logistic,NO K-Param,best first,19,4,undersampling,90.0,29.0,554.0,4.0,0.7563025210084033,0.9574468085106383,0.9868526696105981,0.8166200165806172,0.8450704225352111
bookkeeper,7.0,82.9133064516129,29.533678756476682,13.884785819793205,logistic,NO K-Param,best first,19,4,smote,87.0,9.0,574.0,7.0,0.90625,0.925531914893617,0.9911043392576914,0.9020455408656021,0.9157894736842105
bookkeeper,7.0,82.9133064516129,50.0,13.884785819793205,Ibk,1,best first,19,4,oversampling,91.0,15.0,568.0,3.0,0.8584905660377359,0.9680851063829787,0.9864147293894383,0.8944679229596786,0.91
bookkeeper,7.0,82.9133064516129,50.0,13.884785819793205,Ibk,1,best first,19,4,undersampling,90.0,42.0,541.0,4.0,0.6818181818181818,0.9574468085106383,0.9718075982628371,0.7570561527779945,0.7964601769911505
bookkeeper,7.0,82.9133064516129,29.533678756476682,13.884785819793205,Ibk,1,best first,19,4,smote,91.0,22.0,561.0,3.0,0.8053097345132744,0.9680851063829787,0.9868070508375607,0.8576475041002564,0.8792270531400965
bookkeeper,7.0,82.9133064516129,50.0,13.884785819793205,Naive Bayes,NO K-Param,best first,19,4,oversampling,89.0,45.0,538.0,5.0,0.664179104477612,0.9468085106382979,0.9742345169884311,0.7379300733950639,0.7807017543859648
bookkeeper,7.0,82.9133064516129,50.0,13.884785819793205,Naive Bayes,NO K-Param,best first,19,4,undersampling,87.0,43.0,540.0,7.0,0.6692307692307692,0.925531914893617,0.959463158278895,0.7339003836236716,0.7767857142857142
bookkeeper,7.0,82.9133064516129,29.533678756476682,13.884785819793205,Naive Bayes,NO K-Param,best first,19,4,smote,45.0,18.0,565.0,49.0,0.7142857142857143,0.4787234042553192,0.9643717382577278,0.519731060405527,0.5732484076433122
bookkeeper,7.0,82.9133064516129,17.325227963525837,13.884785819793205,Random Forest,NO K-Param,best first,19,4,No sampling,88.0,5.0,578.0,6.0,0.946236559139785,0.9361702127659575,0.99406043575052,0.9317509050084771,0.9411764705882354
bookkeeper,7.0,82.9133064516129,17.325227963525837,13.884785819793205,logistic,NO K-Param,best first,19,4,No sampling,85.0,7.0,576.0,9.0,0.9239130434782609,0.9042553191489362,0.9711598116857049,0.9002817005136892,0.9139784946236559
bookkeeper,7.0,82.9133064516129,17.325227963525837,13.884785819793205,Ibk,1,best first,19,4,No sampling,89.0,8.0,575.0,5.0,0.9175257731958762,0.9468085106382979,0.9909309879201489,0.9207623952246761,0.9319371727748691
bookkeeper,7.0,82.9133064516129,17.325227963525837,13.884785819793205,Naive Bayes,NO K-Param,best first,19,4,No sampling,66.0,24.0,559.0,28.0,0.7333333333333333,0.7021276595744681,0.9656946826758147,0.672971165279429,0.7173913043478262
bookkeeper,7.0,82.9133064516129,50.0,13.884785819793205,Random Forest,NO K-Param,wrapper,19,4,oversampling,90.0,16.0,567.0,4.0,0.8490566037735849,0.9574468085106383,0.9853654976095763,0.8827421366218652,0.9
bookkeeper,7.0,82.9133064516129,50.0,13.884785819793205,Random Forest,NO K-Param,wrapper,19,4,undersampling,90.0,50.0,533.0,4.0,0.6428571428571429,0.9574468085106383,0.9771632422174373,0.7232509197716847,0.7692307692307693
bookkeeper,7.0,82.9133064516129,29.533678756476682,13.884785819793205,Random Forest,NO K-Param,wrapper,19,4,smote,88.0,9.0,574.0,6.0,0.9072164948453608,0.9361702127659575,0.9937958468669027,0.9085719944900109,0.9214659685863875
bookkeeper,7.0,82.9133064516129,50.0,13.884785819793205,logistic,NO K-Param,wrapper,19,4,oversampling,91.0,16.0,567.0,3.0,0.8504672897196262,0.9680851063829787,0.9911864530491588,0.8890747751399178,0.9054726368159204
bookkeeper,7.0,82.9133064516129,50.0,13.884785819793205,logistic,NO K-Param,wrapper,19,4,undersampling,91.0,32.0,551.0,3.0,0.7398373983739838,0.9680851063829787,0.9755665851611255,0.8085793916871997,0.838709677419355
bookkeeper,7.0,82.9133064516129,29.533678756476682,13.884785819793205,logistic,NO K-Param,wrapper,19,4,smote,89.0,10.0,573.0,5.0,0.898989898989899,0.9468085106382979,0.9913780518959162,0.9093700077644602,0.9222797927461138
bookkeeper,7.0,82.9133064516129,50.0,13.884785819793205,Ibk,1,wrapper,19,4,oversampling,90.0,24.0,559.0,4.0,0.7894736842105263,0.9574468085106383,0.9782215977519069,0.8412182537023386,0.8653846153846154
bookkeeper,7.0,82.9133064516129,50.0,13.884785819793205,Ibk,1,wrapper,19,4,undersampling,89.0,49.0,534.0,5.0,0.644927536231884,0.9468085106382979,0.9542078756249772,0.7211866992068333,0.7672413793103448
bookkeeper,7.0,82.9133064516129,29.533678756476682,13.884785819793205,Ibk,1,wrapper,19,4,smote,88.0,21.0,562.0,6.0,0.8073394495412844,0.9361702127659575,0.9852742600635014,0.8436877346308759,0.8669950738916257
bookkeeper,7.0,82.9133064516129,50.0,13.884785819793205,Naive Bayes,NO K-Param,wrapper,19,4,oversampling,89.0,38.0,545.0,5.0,0.7007874015748031,0.9468085106382979,0.9713422867778548,0.7684844243325566,0.8054298642533936
bookkeeper,7.0,82.9133064516129,50.0,13.884785819793205,Naive Bayes,NO K-Param,wrapper,19,4,undersampling,75.0,44.0,539.0,19.0,0.6302521008403361,0.7978723404255319,0.8403981606510711,0.6499109407448146,0.7042253521126761
bookkeeper,7.0,82.9133064516129,29.533678756476682,13.884785819793205,Naive Bayes,NO K-Param,wrapper,19,4,smote,21.0,3.0,580.0,73.0,0.875,0.22340425531914893,0.8464745812196636,0.317377344973068,0.3559322033898305
bookkeeper,7.0,82.9133064516129,17.325227963525837,13.884785819793205,Random Forest,NO K-Param,wrapper,19,4,No sampling,86.0,5.0,578.0,8.0,0.945054945054945,0.9148936170212766,0.9888507718696398,0.9186125008091587,0.9297297297297297
bookkeeper,7.0,82.9133064516129,17.325227963525837,13.884785819793205,logistic,NO K-Param,wrapper,19,4,No sampling,89.0,8.0,575.0,5.0,0.9175257731958762,0.9468085106382979,0.9915787744972812,0.9207623952246761,0.9319371727748691
bookkeeper,7.0,82.9133064516129,17.325227963525837,13.884785819793205,Ibk,1,wrapper,19,4,No sampling,87.0,21.0,562.0,7.0,0.8055555555555556,0.925531914893617,0.9846447209955841,0.8372176899957062,0.8613861386138614
bookkeeper,7.0,82.9133064516129,17.325227963525837,13.884785819793205,Naive Bayes,NO K-Param,wrapper,19,4,No sampling,66.0,4.0,579.0,28.0,0.9428571428571428,0.7021276595744681,0.8447775628626693,0.7786406179752321,0.8048780487804879
bookkeeper,7.0,82.9133064516129,50.0,13.884785819793205,Random Forest,NO K-Param,no fs,19,19,oversampling,90.0,16.0,567.0,4.0,0.8490566037735849,0.9574468085106383,0.9934673917010328,0.8827421366218652,0.9
bookkeeper,7.0,82.9133064516129,50.0,13.884785819793205,Random Forest,NO K-Param,no fs,19,19,undersampling,91.0,56.0,527.0,3.0,0.6190476190476191,0.9680851063829787,0.990602532754279,0.7052633909135854,0.7551867219917012
bookkeeper,7.0,82.9133064516129,29.533678756476682,13.884785819793205,Random Forest,NO K-Param,no fs,19,19,smote,89.0,4.0,579.0,5.0,0.956989247311828,0.9468085106382979,0.9973358636546111,0.9441598313705721,0.9518716577540107
bookkeeper,7.0,82.9133064516129,50.0,13.884785819793205,logistic,NO K-Param,no fs,19,19,oversampling,89.0,19.0,564.0,5.0,0.8240740740740741,0.9468085106382979,0.9693533082734207,0.8604723057106053,0.8811881188118812
bookkeeper,7.0,82.9133064516129,50.0,13.884785819793205,logistic,NO K-Param,no fs,19,19,undersampling,83.0,315.0,268.0,11.0,0.20854271356783918,0.8829787234042553,0.6925203459727747,0.14542708898009746,0.33739837398373984
bookkeeper,7.0,82.9133064516129,29.533678756476682,13.884785819793205,logistic,NO K-Param,no fs,19,19,smote,88.0,13.0,570.0,6.0,0.8712871287128713,0.9361702127659575,0.9807397540235758,0.8861953338582818,0.9025641025641027
bookkeeper,7.0,82.9133064516129,50.0,13.884785819793205,Ibk,9,no fs,19,19,oversampling,87.0,77.0,506.0,7.0,0.5304878048780488,0.925531914893617,0.9728203350242692,0.6046275567668284,0.6744186046511629
bookkeeper,7.0,82.9133064516129,50.0,13.884785819793205,Ibk,3,no fs,19,19,undersampling,88.0,90.0,493.0,6.0,0.4943820224719101,0.9361702127659575,0.9545454545454546,0.5686753384656223,0.6470588235294118
bookkeeper,7.0,82.9133064516129,29.533678756476682,13.884785819793205,Ibk,3,no fs,19,19,smote,85.0,12.0,571.0,9.0,0.8762886597938144,0.9042553191489362,0.9826648662457574,0.8720007922860155,0.8900523560209425
bookkeeper,7.0,82.9133064516129,50.0,13.884785819793205,Naive Bayes,NO K-Param,no fs,19,19,oversampling,21.0,17.0,566.0,73.0,0.5526315789473685,0.22340425531914893,0.9311521477318346,0.25893943079542686,0.3181818181818182
bookkeeper,7.0,82.9133064516129,50.0,13.884785819793205,Naive Bayes,NO K-Param,no fs,19,19,undersampling,17.0,12.0,571.0,77.0,0.5862068965517241,0.18085106382978725,0.9104777197912485,0.22572893509297215,0.2764227642276423
bookkeeper,7.0,82.9133064516129,29.533678756476682,13.884785819793205,Naive Bayes,NO K-Param,no fs,19,19,smote,23.0,15.0,568.0,71.0,0.6052631578947368,0.24468085106382978,0.9412795153461553,0.29187545609340776,0.34848484848484845
bookkeeper,7.0,82.9133064516129,17.325227963525837,13.884785819793205,Random Forest,NO K-Param,no fs,19,19,No sampling,86.0,4.0,579.0,8.0,0.9555555555555556,0.9148936170212766,0.9967884383781613,0.9245318073721759,0.9347826086956522
bookkeeper,7.0,82.9133064516129,17.325227963525837,13.884785819793205,logistic,NO K-Param,no fs,19,19,No sampling,87.0,9.0,574.0,7.0,0.90625,0.925531914893617,0.9797087697529288,0.9020455408656021,0.9157894736842105
bookkeeper,7.0,82.9133064516129,17.325227963525837,13.884785819793205,Ibk,3,no fs,19,19,No sampling,82.0,12.0,571.0,12.0,0.8723404255319149,0.8723404255319149,0.9830115689208423,0.8517572351374036,0.8723404255319149
bookkeeper,7.0,82.9133064516129,17.325227963525837,13.884785819793205,Naive Bayes,NO K-Param,no fs,19,19,No sampling,23.0,12.0,571.0,71.0,0.6571428571428571,0.24468085106382978,0.940814203861173,0.30416207447401317,0.3565891472868217
